{"epochs": [1, 2, 3, 4, 5, 6, 7, 8, 9, 10], "train_loss": [0.2587905840505984, 0.20333714473307668, 0.18981918549961344, 0.15918259250031497, 0.14043149626729737, 0.15532995545517628, 0.15127183828778756, 0.12564032968700767, 0.12619788084847827, 0.11698378144454474], "val_loss": [0.34309085585907145, 0.372817076699975, 0.4569980854142456, 0.242915954089166, 0.2600107663601485, 0.2761496124211438, 0.24271907074172264, 0.2990236039809633, 0.3473830773832184, 0.2961512105819984]}