family,k,draw_idx,L_indiv,bias_primal,var_primal,gap_primal,bias_dual,var_dual,auc_primal,auc_dual
densenet,1,0,0.4604770464906537,0.4604770464906537,0.0,0.0,0.46047704649065374,1.5503787732987882e-17,0.8640609765738227,0.8640609765738227
densenet,1,1,0.4648478383101398,0.4648478383101398,0.0,0.0,0.4648478383101398,1.1468823475461625e-17,0.8282695196184353,0.8282695196184353
densenet,1,2,0.44448468257622276,0.44448468257622276,0.0,0.0,0.4444846825762227,1.3050159450131519e-17,0.8494163219057156,0.8494163219057156
densenet,1,3,0.4831221580865617,0.4831221580865617,0.0,0.0,0.48312215808656167,1.2678526371548609e-17,0.8166223088882447,0.8166223088882447
densenet,1,4,0.49632555056383565,0.49632555056383565,0.0,0.0,0.4963255505638357,1.2400024780462756e-17,0.8134865213839626,0.8134865213839626
densenet,1,5,0.4921387789435777,0.4921387789435777,0.0,0.0,0.4921387789435777,1.2364141648248412e-17,0.8052056707686632,0.8052056707686632
densenet,1,6,0.48759171860643596,0.48759171860643596,0.0,0.0,0.48759171860643596,1.2787445418170397e-17,0.8127816279743867,0.8127816279743867
densenet,1,7,0.43433287788832414,0.43433287788832414,0.0,0.0,0.43433287788832414,1.475124276621317e-17,0.8644430683285463,0.8644430683285462
densenet,1,8,0.47324895433285974,0.47324895433285974,0.0,0.0,0.4732489543328598,1.3166103339076854e-17,0.8245078921710718,0.8245078921710718
densenet,1,9,0.46566576288102596,0.46566576288102596,0.0,0.0,0.46566576288102596,1.0620255346111685e-17,0.8339646631004769,0.8339646631004769
densenet,1,10,0.5699600767196747,0.5699600767196747,0.0,0.0,0.5699600767196751,1.870963327908626e-17,0.8406973833302591,0.8406973833302591
densenet,1,11,0.4583398063131829,0.4583398063131829,0.0,0.0,0.458339806313183,1.4476742536908288e-17,0.8508195209359931,0.850819520935993
densenet,2,0,0.4474049621894889,0.41699773362687625,0.030948308311185547,-0.0005410797485729257,0.421189308005896,0.02621565418359308,0.874173232496245,0.8759321721257476
densenet,2,1,0.45507522272862433,0.4435365603670768,0.011386997234343887,0.00015166512720365954,0.444596917793331,0.010478304935293373,0.8486719017628924,0.8485137948299033
densenet,2,2,0.4897238543251987,0.47611359133538445,0.014298037841447437,-0.0006877748516331827,0.4773436994778964,0.012380154847302293,0.8263524730559435,0.8265105799889325
densenet,2,3,0.45466626044318126,0.4411303501598942,0.013595474577874076,-5.9564294587033384e-05,0.4418810707132444,0.01278518972993689,0.8473609317768585,0.8477430235315819
densenet,2,4,0.47662874074373096,0.4648730687315358,0.013196996680125124,-0.0014413246679299552,0.46402996316425904,0.01259877757947193,0.831958681388179,0.8325318190202641
densenet,2,5,0.5265411174031183,0.4511790516909266,0.08461730671789613,-0.009255241005704518,0.466944314777257,0.059596802625861256,0.8478418403646999,0.8510764447021002
densenet,2,6,0.4763079127171157,0.4386709523853022,0.05014281565704528,-0.01250585532523174,0.43866302768382504,0.03764488503329066,0.856346675801734,0.8602400590265882
densenet,2,7,0.4942321647537067,0.4825682225685657,0.012968211952569982,-0.0013042697674289783,0.48303061468179154,0.01120155007191512,0.8199227911143903,0.820963661756568
densenet,2,8,0.48099565672243083,0.46805810352630633,0.014462762233606557,-0.0015252090374820448,0.4682476045648075,0.012748052157623369,0.8322683074652824,0.8321102005322933
densenet,2,9,0.4652568005955829,0.4561256051988999,0.00824834735811482,0.0008828480385681958,0.45759122382242845,0.007665576773154505,0.8365108435004875,0.8359047669240296
densenet,2,10,0.47398499819835077,0.45819858428525434,0.015268834448139442,0.0005175794649570076,0.4596650932928731,0.014319904905477765,0.8337505599620543,0.8330588421302274
densenet,2,11,0.47179960228860773,0.4346732811734352,0.044652433213576266,-0.007526112098403703,0.43657838471007054,0.0352212175785372,0.8599765474716066,0.8631782128646341
densenet,2,12,0.4707309821998723,0.449330288933942,0.027632974022798903,-0.006232280756868602,0.44827326945076074,0.022457712749111517,0.8461751297794409,0.8496139555719517
densenet,2,13,0.4632358284159509,0.4360827835489515,0.040233893364819355,-0.013080848497819986,0.4298601550068216,0.03337567340912939,0.8557867137473979,0.8592650662731562
densenet,2,14,0.46307140468583985,0.4250771148551985,0.04364446321437418,-0.005650173383732859,0.4293954292346146,0.03367597545122517,0.8646011752615352,0.8655498168594694
densenet,2,15,0.46159382231166135,0.4408124745992703,0.023731715904269757,-0.002950368191878716,0.4416649439174895,0.01992887839417194,0.8493438562280956,0.8510303301799784
densenet,2,16,0.4898652487750068,0.4792228905819104,0.009404710505663345,0.0012376476874330633,0.4809309324225783,0.008934316352428586,0.8171888587314553,0.8167540646657356
densenet,2,17,0.4626624424003968,0.4239238494788871,0.04529878401628523,-0.006560191094775569,0.42689457751213883,0.03576786488825793,0.8638633429075865,0.8663469393132888
densenet,2,18,0.5310494278316262,0.45627419964262694,0.09590004379699565,-0.021124815607996394,0.46763215499004024,0.06341727284158605,0.8431776858415242,0.850114627526417
densenet,2,19,0.4784933086268588,0.46485831017747614,0.016731683060779212,-0.0030966846113965607,0.46334036691183184,0.01515294171502701,0.8275712139977337,0.8284935044401696
densenet,2,20,0.48763046851506975,0.4796131201406004,0.007046124271246988,0.0009712241032223123,0.4809173314928924,0.0067131370221773816,0.817610477219426,0.8173403778755698
densenet,2,21,0.45872751798744293,0.4313328694566186,0.033965759632934335,-0.0065711111021100055,0.4294624310231222,0.029265086964320747,0.8580067985981186,0.8594495243616433
densenet,2,22,0.4740343825485448,0.4351564320175206,0.048456990048705455,-0.009579039517681243,0.4365881757749348,0.03744620677360996,0.8588236844185617,0.8627697699544125
densenet,2,23,0.47890227091230186,0.467884755329032,0.011743289063501756,-0.0007257734802318949,0.46778031814097915,0.011121952771322649,0.8289678252391368,0.8288755961948931
densenet,2,24,0.5174039575149073,0.446011415022107,0.07518619063292306,-0.0037936481401227296,0.46481865646544435,0.052585301049462976,0.850127803104166,0.8520975519776542
densenet,2,25,0.45379091611059197,0.4316189493032335,0.03652368985322175,-0.014351723045863296,0.42398528826994575,0.02980562784064627,0.8595615167725105,0.8630662204537669
densenet,2,26,0.5021464773039994,0.4474208140609955,0.042610419561766415,0.012115243681237509,0.4680188807188186,0.03412759658518082,0.8608066088697989,0.8604838072149463
densenet,2,27,0.45141224444470285,0.4330079661490986,0.021300035120075566,-0.002895756824471296,0.4329357777477931,0.018476466696909506,0.859969959682732,0.8618211283564785
densenet,2,28,0.4729657624598094,0.4462990037737194,0.03414362537065483,-0.00747686668456482,0.44569887493480076,0.027266887525008686,0.848072412975309,0.8509249255579857
densenet,2,29,0.4847872524483477,0.47166649697767776,0.01186488645335051,0.0012558690173194442,0.47375512619471344,0.011032126253634346,0.8271495955097631,0.8259769690900947
densenet,3,0,0.5074665445454168,0.4406877802775824,0.08165166310588173,-0.01487289883804721,0.44505443472202727,0.06241210982338957,0.849798413660439,0.8539487206514005
densenet,3,1,0.4687699342366281,0.443704501509972,0.02973809571680935,-0.004672662990153231,0.4428755337642501,0.025894400472378107,0.8478220769980764,0.8495480776832065
densenet,3,2,0.4814318489868457,0.4610767550413001,0.021185653151661647,-0.0008305592061160216,0.46230666708780677,0.019125181899038994,0.8338559645840471,0.8339086668950432
densenet,3,3,0.4817044905104744,0.4645975828510411,0.018131340871508222,-0.001024433212074849,0.46516300304147007,0.016541487469004332,0.8345147434715012,0.8345147434715011
densenet,3,4,0.4962589765078371,0.4347122022571567,0.051986157517007,0.009560616733673477,0.452883414448854,0.043375562058983255,0.8675722680439537,0.86805976442067
densenet,3,5,0.4776496706945454,0.46147125138844525,0.020209617372661883,-0.004031198066561714,0.45942084355161494,0.018228827142930348,0.8380260349416322,0.8396071042715223
densenet,3,6,0.4532192542297058,0.41599985398983164,0.044065586829983086,-0.0068461865901088825,0.41600988346620177,0.03720937076350417,0.8697132994281799,0.8727239189438457
densenet,3,7,0.4644242011812702,0.4481502614874341,0.016723163594367634,-0.0004492239005315368,0.44864914095027814,0.01577506023099192,0.8454043584811195,0.8454043584811195
densenet,3,8,0.47306015975082616,0.4475439354932946,0.0359436740808489,-0.010427449823317336,0.4431567125211575,0.029903447229668752,0.8466362750006586,0.8511818493240929
densenet,3,9,0.455307212844789,0.42894889836622263,0.03810667425904066,-0.011748359780474338,0.4245656389071261,0.03074157393766285,0.8614126854462569,0.8643442514954282
densenet,3,10,0.4640219357122321,0.4271952410537283,0.04958785591885742,-0.012761161260353593,0.425503558898903,0.03851837681332908,0.8646077630504098,0.8686658409971277
densenet,3,11,0.4752295037498118,0.45817021105640005,0.01862665484283713,-0.0015673621494253775,0.45784404267393763,0.017385461075874332,0.8333948193628291,0.8339284302616669
densenet,3,12,0.46742974146694216,0.45298379553436197,0.017493945017349136,-0.0030479990847689375,0.4511588381064315,0.016270903360510666,0.8421104640438483,0.8433489683522623
densenet,3,13,0.5106504633881789,0.4460468202910538,0.08024923869866858,-0.01564559560154355,0.45023379964467714,0.06041666374350165,0.84993016943793,0.8542846978840022
densenet,3,14,0.4747383933754121,0.4585831515739338,0.01908361893537337,-0.0029283771338950437,0.4569750258538731,0.017763367521539095,0.8372355002766871,0.8387309283512081
densenet,3,15,0.46834891819377394,0.4385914580581121,0.03738003276456146,-0.007622572628899649,0.4352264313922581,0.03312248680151591,0.8519723839890379,0.8547260797385965
densenet,3,16,0.5150736712499381,0.45152225062668494,0.08527549104550036,-0.02172407042224722,0.45106678161605634,0.06400688963388174,0.8449629766265252,0.851280666157211
densenet,3,17,0.45616341725681053,0.4335118567376667,0.025682398705367333,-0.0030308381862234612,0.433646321846594,0.022517095410216403,0.856992279111439,0.8581912566866058
densenet,3,18,0.49589790454291904,0.4364001461245008,0.0748565527875437,-0.015358794369125461,0.4392148987378668,0.05668300580505225,0.8559316451026379,0.8595285778281379
densenet,3,19,0.5092548728480928,0.4463608150729641,0.08391366702058983,-0.02101960924546109,0.44701762670190787,0.062237246146184984,0.8482502832749215,0.8536193312076735
densenet,3,20,0.45443384512668644,0.4207381333552148,0.03509930129459524,-0.0014035895231236384,0.4243277751678329,0.030106069958853413,0.8692719175735855,0.8716303459906716
densenet,3,21,0.46709575987690405,0.431721609378657,0.041848640620885086,-0.006474490122638066,0.43165938116563524,0.035436378711268784,0.8629739914095234,0.8658726185143218
densenet,3,22,0.48572207450104377,0.4688720277927399,0.017119043531733335,-0.0002689968234294571,0.46981019844955674,0.015911876051486987,0.8299757569369416,0.8299098790481962
densenet,3,23,0.4457191222592433,0.42229548428049263,0.025776589416063096,-0.0023529514373124005,0.422460013413949,0.023259108845294172,0.8665215157184643,0.8678753063321828
densenet,3,24,0.47997491838035033,0.4417778039099886,0.04708090638004065,-0.008883791909678918,0.44098277843413247,0.0389921399462179,0.8568802867005718,0.8602071200822154
densenet,3,25,0.46356799676924854,0.43892802107917034,0.03543252811238008,-0.010792552422301871,0.43255022237115703,0.03101777439809148,0.8537247358296661,0.8570976837334316
densenet,3,26,0.48423222099441904,0.46969823818966205,0.015252010488682523,-0.0007180276839255373,0.4702221051784035,0.014010115816015516,0.8297847110595801,0.8298374133705764
densenet,3,27,0.45250684083721565,0.42815522008179563,0.027695107664981292,-0.0033434869095612663,0.428211825699528,0.02429501513768767,0.8600753643047248,0.8618079527787293
densenet,3,28,0.49798854863796116,0.4361358040180667,0.06708326859844654,-0.00523052397855206,0.4469412528241155,0.05104729581384576,0.8580924398534877,0.8604376926928246
densenet,3,29,0.48971359763937955,0.4303272532734463,0.06267267672383144,-0.0032863323578981585,0.44055492112160355,0.04915867651777607,0.8602334712377138,0.8622756857888219
densenet,4,0,0.4572418245652713,0.4216785290568342,0.03991087867838896,-0.004347583169951819,0.42318272089997905,0.03405910366529224,0.8664259927797833,0.8685670241640094
densenet,4,1,0.4718280824427994,0.44489310937428317,0.03721284919754719,-0.010277876129030972,0.43862010434854076,0.033207978094258746,0.848401802419036,0.8522820100661415
densenet,4,2,0.4934668648761735,0.4329820785289115,0.07728718503893098,-0.016802398691668996,0.4329469701256582,0.06051989475051539,0.8593045930064035,0.8620846399114601
densenet,4,3,0.4608994613366414,0.42179513160677407,0.0477060658445587,-0.008601736114691394,0.42009824696399234,0.04080121437264904,0.866129542280429,0.8690149938074784
densenet,4,4,0.4638160114514953,0.43646630171027234,0.0317313669631432,-0.004381657221920243,0.435611895040885,0.028204116410610366,0.8526706896097394,0.8548907744604601
densenet,4,5,0.47565883831843003,0.44857717460330016,0.033631784207021155,-0.006550120491891298,0.4463167192905872,0.029342119027842842,0.8457271601359719,0.8484940314632796
densenet,4,6,0.49297477190251826,0.42887017902223484,0.0681118926480211,-0.004007299767737671,0.4382769915579213,0.05469778034459697,0.865194076260244,0.8672560541779757
densenet,4,7,0.48054758258273167,0.44673197170826906,0.04627397468202902,-0.01245836380756643,0.4415104960438955,0.03903708653883624,0.8510435057577275,0.8557867137473978
densenet,4,8,0.47724673446341326,0.44650306056987493,0.04369949374995086,-0.012955819856412532,0.44011590605269624,0.037130828410717,0.8497654747160663,0.8553980342037998
densenet,4,9,0.4578968503538482,0.4304327464261272,0.03692406136183092,-0.009459957434109934,0.42686376892742994,0.03103308142641827,0.8593902342617724,0.8617684260454822
densenet,4,10,0.48755611988190445,0.4263273718558178,0.06692241211326924,-0.005693664087182582,0.43386992421671267,0.05368619566519184,0.8628422356320323,0.865569580226093
densenet,4,11,0.497902628021076,0.430343183364921,0.07821151495181776,-0.01065207029566273,0.4364177572341025,0.06148487078697346,0.8619265329784711,0.8646407019947826
densenet,4,12,0.46132212740893463,0.4214813532526521,0.0488713027473565,-0.009030528591074005,0.42104586897588064,0.04027625843305392,0.8673351076444703,0.8705631241929959
densenet,4,13,0.4767762284483986,0.44782173267328834,0.035992539024453395,-0.0070380432493430956,0.4454811297720758,0.03129509867632278,0.8449695644153997,0.8488431842736304
densenet,4,14,0.4660599005036698,0.43325189655825935,0.0441806415358341,-0.011372637590423673,0.4284437559446445,0.037616144559025316,0.8572755540330443,0.8607077920366808
densenet,4,15,0.5025419051900856,0.4351706495035866,0.08441427451483063,-0.01704301882833159,0.43790352906451546,0.06463837612557002,0.8587314553743182,0.8627895333210361
densenet,4,16,0.46206180952506204,0.4457180937752958,0.01788727698068002,-0.0015435612309138147,0.4454212483738776,0.01664056115118444,0.8458786792800864,0.8458259769690901
densenet,4,17,0.49495812314308374,0.4422810242046521,0.07338917783141613,-0.02071207889298443,0.4370616358557022,0.057896487287381615,0.8518669793670453,0.8573348441329153
densenet,4,18,0.4642003094559599,0.42363372387912784,0.04963205002304993,-0.009065464446217864,0.42228300013947956,0.04191730931648036,0.866030725447311,0.8684155050198951
densenet,4,19,0.47351944745849395,0.43715925311461384,0.04815936763856719,-0.011799173294687104,0.43390079941729826,0.03961864804119572,0.8580002108092439,0.8627829455321616
densenet,4,20,0.4767124244190455,0.455601060738567,0.030886336984414946,-0.009774973303936452,0.45015573130912173,0.02655669310992375,0.8408851353131834,0.8455427020474848
densenet,4,21,0.4632329313658945,0.42867922337900644,0.041539482042643,-0.006985774055754956,0.42688165037526776,0.036351280990626775,0.8611162349469024,0.8639621597407046
densenet,4,22,0.4851468921668943,0.4233785569323653,0.06712646742919966,-0.005358132194670684,0.4316278836600278,0.05351900850686656,0.8657738016812038,0.8677896650768137
densenet,4,23,0.4726781545193077,0.43948897796207964,0.047413513900133576,-0.014224337342905513,0.43260329080166804,0.04007486371763977,0.853770850351788,0.8585667606524545
densenet,4,24,0.47211187840052005,0.4558333923475114,0.01836891551337425,-0.0020904294603656393,0.45476242785676324,0.0173494505437569,0.8395807531160242,0.8406743260691981
densenet,4,25,0.47938612532334923,0.460427047555931,0.020364675284319896,-0.0014055975169016688,0.4606016997954595,0.01878442552788974,0.8346926137711138,0.8349956520593428
densenet,4,26,0.4745661403635585,0.43543551476935105,0.04848502410394081,-0.009354398509733353,0.4343667853594315,0.04019935500412694,0.8611491738912751,0.8646407019947825
densenet,4,27,0.4580187604880022,0.4309452223480765,0.03191071839779158,-0.004837180257865836,0.42924808958881244,0.028770670899189787,0.8578091649318822,0.858962027984927
densenet,4,28,0.4686800635407,0.45215900480888965,0.02073534801371991,-0.0042142892819095334,0.44947066087615717,0.01920940266454289,0.8411815858125379,0.8426704260981843
densenet,4,29,0.4858019179554712,0.4291470444770157,0.07178656009686625,-0.015131686618410745,0.4298599371263986,0.05594198082907255,0.8606221507813118,0.8632243273867558
densenet,5,0,0.4802761865829285,0.44514515058279275,0.04544471384794657,-0.010313677847810843,0.44077592586819075,0.03950026071473783,0.8496403067274501,0.8544823315502383
densenet,5,1,0.4801530856160693,0.4475610142748122,0.04252828620660436,-0.009936214865347293,0.4430217741716483,0.03713131144442106,0.8501541542596643,0.8549698279269546
densenet,5,2,0.4941091797101215,0.4328489317594589,0.07734540945176335,-0.016085161501100675,0.4321321371505738,0.06197704255954774,0.8585865240190783,0.8625853118659254
densenet,5,3,0.45966615113034104,0.43010916070878374,0.03601843438474042,-0.0064614439631831555,0.4278342649753132,0.0318318861550279,0.8597031542333131,0.8620187620227147
densenet,5,4,0.49145525499306597,0.4308496519835535,0.07387961643281711,-0.013274013423304698,0.4321018653451779,0.05935338964788808,0.8604113415373265,0.8637513504967193
densenet,5,5,0.49019045263352024,0.4376201785843772,0.06764865400071157,-0.015078379951568466,0.43592512641498227,0.05426532621853803,0.8540936520066403,0.858171493319982
densenet,5,6,0.48721903893210533,0.4273875952996985,0.06995564567832427,-0.010124202045917408,0.43003601115958867,0.0571830277725167,0.8629542280428997,0.8660570766028091
densenet,5,7,0.4952316086272341,0.44544671665881197,0.06773231076975801,-0.017947418801335935,0.43975706692575994,0.055474541701474256,0.8502397955150334,0.8555759045034124
densenet,5,8,0.4628115656484536,0.43705613703362894,0.03211691002947833,-0.006361481414653647,0.43391526359224564,0.028896302056207985,0.8552399272708109,0.8572162639331735
densenet,5,9,0.4811908288941438,0.46288742089684726,0.019364828205006474,-0.00106142020770994,0.46298391126462507,0.018206917629518735,0.834877071859601,0.8350483543703391
densenet,5,10,0.5058276565840172,0.45338160960887025,0.06952613591548866,-0.017080088940341742,0.44858444516303503,0.05724321142098211,0.8442910221613218,0.8500751007931697
densenet,5,11,0.47820899929020844,0.45109546231707265,0.03227701737342097,-0.005163480400285192,0.4493805427200207,0.028828456570187663,0.8452594271258794,0.8484874436744052
densenet,5,12,0.4686064065860146,0.43253408577587094,0.04653025183481669,-0.010457931024673017,0.4292849525380562,0.03932145404795841,0.8604047537484518,0.8646143508392844
densenet,5,13,0.471390916255569,0.4463805040478624,0.031956368068520355,-0.006945955860813757,0.44318305802058056,0.02820785823498849,0.8491659859284829,0.8526179872987432
densenet,5,14,0.47110506796761653,0.439960671594096,0.04073344917791127,-0.009589052804390763,0.4358818020957276,0.03522326587188893,0.8521502542886507,0.8559184695248886
densenet,5,15,0.4871524957451694,0.4276944829909378,0.07384970446073198,-0.014391691706500453,0.42787861304811176,0.05927388269705759,0.8625457851326781,0.8662349469024216
densenet,5,16,0.45547827991964,0.42157948150547614,0.044995868242177356,-0.01109706982801345,0.41660211246437984,0.038876167455260215,0.8659121452475691,0.8692060396848402
densenet,5,17,0.4810870813955434,0.4238361420963466,0.06633588659505114,-0.009084947295854351,0.42692791248094747,0.05415916891459595,0.8638369917520883,0.8664062294131597
densenet,5,18,0.4745030921114416,0.4523259861312793,0.02944669785839215,-0.007269591878229842,0.4483777791412408,0.026125312970200907,0.8429866399641623,0.8467021528894041
densenet,5,19,0.4870967755583301,0.4230501641598514,0.07460369006085635,-0.01055707866237765,0.42664228326876213,0.06045449228956791,0.8665577485572742,0.8686526654193787
densenet,5,20,0.4842282227036148,0.4233720461965508,0.07484558602186603,-0.013989409514801987,0.4244540319787819,0.05977419072483287,0.8662085957469234,0.868949115918733
densenet,5,21,0.4654654903655092,0.44164648483330526,0.032426663134415876,-0.008607657602211938,0.4360733316982968,0.029392158667212398,0.8519065061002924,0.855279454004058
densenet,5,22,0.4655517872925228,0.427735195872741,0.04862880463510903,-0.010812213215327271,0.4238050826346898,0.041746704657833006,0.8647131676724025,0.8682244591425334
densenet,5,23,0.47116078815445583,0.4472012009982323,0.032571898836489595,-0.00861231168026605,0.44250575276898807,0.028655035385467834,0.8474860997654747,0.8515441777121926
densenet,5,24,0.47043203361626745,0.4443279479248153,0.03517545398806288,-0.009071368296610705,0.4386494858129161,0.03178254780335143,0.8475651532319692,0.8511686737463438
densenet,5,25,0.4921345389593811,0.43233870617081205,0.07961991270030644,-0.019824079911737402,0.42943245283499676,0.06270208612438438,0.8588302722074362,0.8633231442198741
densenet,5,26,0.4658464535171626,0.4282812859275804,0.0507885548835452,-0.013223387293963051,0.42245678642497675,0.04338966709218584,0.8623152125220691,0.8662612980579197
densenet,5,27,0.46027966560461175,0.42636105733753416,0.04418845527989777,-0.010269847012820188,0.42268990830026254,0.03758975730434915,0.8626511897546708,0.8663469393132889
densenet,5,28,0.4735163920568496,0.4339554436235141,0.0497051190686514,-0.010144170635315919,0.43137835267360897,0.042138039383240594,0.8588829745184325,0.8626511897546707
densenet,5,29,0.48526596598168925,0.4321738168930966,0.06885414660018027,-0.015761997511587578,0.4293303385345258,0.05593562744716338,0.8587248675854435,0.8619331207673456
densenet,6,0,0.48053062923243667,0.455036536774351,0.030998190011427656,-0.0055040975533420244,0.4525824215395198,0.02794820769291693,0.8414846241007669,0.8450354423041451
densenet,6,1,0.4911103848161901,0.4409785328518656,0.06590077045402126,-0.015768918489696804,0.4370976092411296,0.054012775575060505,0.8540738886400169,0.8582900735197239
densenet,6,2,0.4886648767648824,0.441512311815069,0.060932793109042954,-0.01378022815922958,0.4370792877766011,0.05158558898828135,0.8526048117209939,0.8558921183693905
densenet,6,3,0.4859695107401758,0.432856076210655,0.06553916328122343,-0.01242572875170267,0.4308613251296762,0.055108185610499696,0.8594429365727687,0.8621966323223273
densenet,6,4,0.4843239767812255,0.4324469987841287,0.0665768154255097,-0.014699837428412854,0.42884314534270906,0.05548083143851653,0.8591530738622888,0.8627104798545415
densenet,6,5,0.4688447646050975,0.4433889999828733,0.030509900564562466,-0.005054135942338278,0.44131898337218073,0.027525781232916775,0.8483029855859179,0.8505098948588896
densenet,6,6,0.4654344624621256,0.4291844859959412,0.046883901418675177,-0.01063392495249077,0.4245307830300082,0.04090367943211741,0.8619594719228438,0.8659121452475691
densenet,6,7,0.48554664874360864,0.4284417285185146,0.07517519016043242,-0.018070269935338334,0.42493186564283725,0.060614783100771404,0.8629278768874014,0.8670715960894884
densenet,6,8,0.48095019483605167,0.4234751666530033,0.06615052503008394,-0.008675496847035558,0.42618565096869937,0.05476454386735227,0.8655300534928457,0.8683496271311497
densenet,6,9,0.48627511404685636,0.4368128680945867,0.06725319445700932,-0.017790948504739668,0.4304553365899069,0.05581977745694942,0.8550488813934491,0.859772326016496
densenet,6,10,0.4721654178413102,0.43926362637846217,0.04495371863639149,-0.01205192717354342,0.4336853736135689,0.03848004422774132,0.8548380721494637,0.8597064481277504
densenet,6,11,0.4709427458789272,0.4448754783459663,0.031965265412198005,-0.005897997879237116,0.4423191731356036,0.02862357274332355,0.8493438562280955,0.8520909641887798
densenet,6,12,0.481794494474409,0.4578840604927283,0.03091885121387595,-0.007008417232195252,0.45412158933950464,0.027672905134904384,0.8398245013043822,0.8441065640728346
densenet,6,13,0.464731666411647,0.42652571584641263,0.04967038440505706,-0.011464433839822707,0.4227973503599745,0.041934316051672534,0.8641597934069409,0.8677040238214445
densenet,6,14,0.48827869802966917,0.43281087203176466,0.06868309333446364,-0.013215267336559089,0.43183186171545496,0.05644683631421421,0.8599370207383593,0.8635076023083612
densenet,6,15,0.47802030920842425,0.44245466196180044,0.04853234510887463,-0.012966697862250798,0.4369312161309377,0.04108909307748655,0.8540409496956441,0.8591201349179161
densenet,6,16,0.4683618544890497,0.4333173516605435,0.04576405008798213,-0.010719547259475937,0.42899637423669784,0.039365480252351794,0.8573150807662917,0.8610767082136552
densenet,6,17,0.4712824911251076,0.4508834789691433,0.021806955102405864,-0.0014079429464415871,0.4509963818813413,0.020286109243766406,0.8431118079527786,0.8431315713194023
densenet,6,18,0.462531100998768,0.42611342844557126,0.04770176933708331,-0.011284096783886588,0.4219086285392951,0.0406224724594729,0.8638896940630847,0.8672692297557248
densenet,6,19,0.4680279423420195,0.43345334560002774,0.04805817637537205,-0.013483579633380316,0.42620085405687325,0.04182708828514627,0.8588170966296871,0.8636657092413502
densenet,6,20,0.48015239153940653,0.4226005460836583,0.06760864104137802,-0.01005679558562983,0.4254689239752449,0.05468346756416166,0.8664457561464071,0.8694497878731982
densenet,6,21,0.48612456610582294,0.4370950352137374,0.06392818000659607,-0.014898649114510498,0.4332034831827197,0.05292108292310339,0.856142454346623,0.8607868455031753
densenet,6,22,0.48259696216746967,0.43075412911557914,0.06510917536276722,-0.0132663423108767,0.4291974575794304,0.05339950458803926,0.8615905557458694,0.8656222825370894
densenet,6,23,0.4674618723700901,0.43050695728411587,0.04637765887005907,-0.009422743784084808,0.42675204519802973,0.04070982717206045,0.8596932725500012,0.863468075575114
densenet,6,24,0.463978823802559,0.4274964773126869,0.04700062224967162,-0.010518275759799522,0.4228328017550261,0.04114602204753296,0.8618870062452239,0.8659911987140636
densenet,6,25,0.4879364114616347,0.43307661407223547,0.06960013386471374,-0.014740336475314475,0.43060868691728255,0.05732772454435212,0.8607143798255553,0.8642915491844316
densenet,6,26,0.47299929444415967,0.4449338890365403,0.03433818895059933,-0.006272783542979943,0.44167754092582695,0.03132175351833269,0.84993016943793,0.8526245750876175
densenet,6,27,0.48599082145645583,0.43298495059264164,0.06762604006476183,-0.014620169200947608,0.4308851070838798,0.05510571437257611,0.858645814118949,0.8627500065877889
densenet,6,28,0.4694706643653748,0.4319597453910691,0.05024453621989455,-0.012733617245588857,0.4258805803565758,0.04359008400879912,0.8598909062162376,0.8643113125510553
densenet,6,29,0.46750900385335953,0.43109582332191787,0.04751691529862343,-0.011103734767181794,0.42596225310503,0.04154675074832956,0.8585996995968275,0.8626446019657962
densenet,7,0,0.4687025213213839,0.4425084647394238,0.03156361476250497,-0.005369558180544853,0.43972303697197046,0.028979484349413557,0.8504967192811406,0.8528024453872303
densenet,7,1,0.4726826619085892,0.4474805857045666,0.03055122909372813,-0.005349152889705555,0.44497622519393104,0.027706436714658257,0.8475256264987221,0.8503583757147751
densenet,7,2,0.4631732498755053,0.4259305527897312,0.047130606820313496,-0.009887909734539402,0.422287066097399,0.04088618377810632,0.8627961211099108,0.8664062294131597
densenet,7,3,0.48417055472451354,0.4349271925040332,0.06627810627379717,-0.01703474405331684,0.42970096121859636,0.0544695935059172,0.8574665999104061,0.8622954491554455
densenet,7,4,0.4865248410746631,0.42970345203705473,0.07270559738673708,-0.015884208349128737,0.42655283688520823,0.05997200418945488,0.8614587999683785,0.865800152836702
densenet,7,5,0.4833903535889355,0.43160253770658125,0.06621749976928926,-0.014429683886934996,0.42769950806117857,0.05569084552775698,0.8592782418509053,0.8634812511528631
densenet,7,6,0.46765595609740634,0.4382090256636876,0.03766452563166791,-0.008217595197949124,0.43413784121759647,0.033518114879809956,0.854647026272102,0.8577498748320114
densenet,7,7,0.4788901307184039,0.42957178605392615,0.05965620020151016,-0.01033785553703237,0.4286155643875949,0.05027456633080911,0.8616761970012385,0.8645287095839153
densenet,7,8,0.48424021765831576,0.4351461169972794,0.06325194733994921,-0.014157846678912844,0.4306899156585067,0.05355030199980921,0.8566628896677119,0.8607736699254261
densenet,7,9,0.4638740966598989,0.43474021656042194,0.0349863439871859,-0.005852463887708936,0.43244267744122433,0.03143141921867474,0.8561819810798704,0.8580858520646131
densenet,7,10,0.48613608339536235,0.4336403027804997,0.06950147325914982,-0.01700569264428714,0.42955333298363113,0.05658275041173126,0.8586392263300746,0.8639885108962028
densenet,7,11,0.485595122217955,0.42751896289570884,0.07204192952370644,-0.013965770201460281,0.4270117337034841,0.05858338851447091,0.8645089462172917,0.8683101003979024
densenet,7,12,0.48324941077866335,0.43618537118300826,0.058183258282624266,-0.01111921868696919,0.4339470625002369,0.0493023482784265,0.8564652560014756,0.859495638883765
densenet,7,13,0.48268134097500315,0.4355198900560107,0.061421513462315135,-0.014260062543322682,0.43045647285161426,0.05222486812338895,0.8552201639041872,0.8590542570291706
densenet,7,14,0.4631328514612743,0.426002442063164,0.0454785944285126,-0.0083481850304023,0.4232699234097274,0.039862928051546995,0.8639687475295792,0.8672560541779756
densenet,7,15,0.4854196874814195,0.44211538333137457,0.05707565205862341,-0.01377134790857848,0.43639125627053105,0.049028431210888485,0.8502463833039079,0.8548973622493345
densenet,7,16,0.4694341344327498,0.44015013153586885,0.036435065813594736,-0.007151062916713802,0.4368930345895617,0.03254109984318815,0.8505494215921368,0.8531713615642046
densenet,7,17,0.4792217393436467,0.433135969983547,0.05858828403168165,-0.012502514671581921,0.4292259615563456,0.04999577778730109,0.8571767371999263,0.8610108303249098
densenet,7,18,0.48331049880160765,0.43221404185073414,0.06492582669185971,-0.013829369740986197,0.4294010883346772,0.05390941046693058,0.8599633718938576,0.8642124957179372
densenet,7,19,0.4738539042351792,0.448240467495041,0.032522632135446136,-0.006909195395307932,0.4446504206107566,0.029203483624422658,0.8460170228464517,0.8491791615062321
densenet,7,20,0.47505521458697875,0.43962066991392357,0.045383431281166765,-0.009948886608111607,0.4355823919232062,0.03947282266377268,0.8536588579409207,0.8580858520646131
densenet,7,21,0.4849712324889074,0.437033807371315,0.061852550045331606,-0.013915124927739164,0.4330400159715187,0.05193121651738864,0.8555166144035415,0.8598118527497431
densenet,7,22,0.48698373936835937,0.441477846017404,0.06147004369357612,-0.015964150342620775,0.43550728229049795,0.05147645707786141,0.8527299797096102,0.8582505467864765
densenet,7,23,0.4683289967790024,0.4341581732362822,0.046040602121746085,-0.01186977857902588,0.42781849726378623,0.040510499515216215,0.8569066378560699,0.8613072808242641
densenet,7,24,0.47301427053383194,0.45322392097903946,0.02113390143420273,-0.0013435518794102652,0.45303338725114695,0.019980883282685095,0.8399760204484966,0.8403844633587183
densenet,7,25,0.4809435610538907,0.4339520837528312,0.06249961875689546,-0.015508141455835955,0.42810583565603033,0.05283772539786041,0.8568407599673245,0.8613863342907587
densenet,7,26,0.47328817702841436,0.4223183328195792,0.06342783091388181,-0.012457986705046664,0.420371098056116,0.05291707897229841,0.8652467785712404,0.8682837492424043
densenet,7,27,0.48326352059300454,0.42845029425141734,0.06597215088398796,-0.01115892454240075,0.4285512585111185,0.05471226208188607,0.8634746633639887,0.8667092677013887
densenet,7,28,0.4879971011038792,0.4400151741768125,0.06266393481714991,-0.01468200789008317,0.4356157079921946,0.052381393111684715,0.8525586971988721,0.8575127144325279
densenet,7,29,0.4714208777541158,0.4355385380868468,0.04740497610155213,-0.01152263643428314,0.42965241188945624,0.041768465864659626,0.8574073098105351,0.861827716145353
densenet,8,0,0.4863596272885815,0.43470041211197874,0.06606498344276095,-0.014405768266158137,0.4313488380187731,0.05501078926980839,0.8580595009091148,0.8628092966876598
densenet,8,1,0.4795792162995218,0.4290224292454203,0.06577268425754991,-0.015215897203448348,0.4246398989739448,0.05493931732557703,0.8625457851326781,0.866663153179267
densenet,8,2,0.4813111067666418,0.4285137222530051,0.06855622030762827,-0.015758835793991566,0.4251899737117755,0.056121133054866275,0.8631716250757595,0.867150649555983
densenet,8,3,0.4687244764703827,0.435864823958413,0.04295693775653757,-0.010097285244567877,0.43058015360618695,0.038144322864195744,0.858013386386993,0.8618079527787295
densenet,8,4,0.4830017117294781,0.4281283377868451,0.06909473953302449,-0.0142213655903915,0.4258754790724448,0.057126232657033274,0.8626116630214236,0.8669266647342485
densenet,8,5,0.4814883533579542,0.4314174728664044,0.0653149515942445,-0.015244071102694712,0.4273294897847584,0.054158863573195805,0.8601412421934701,0.864877862394266
densenet,8,6,0.4871315417963662,0.4383336751591845,0.06473121036503783,-0.015933343727856153,0.4322489074794739,0.054882634316892276,0.8540738886400169,0.8592848296397797
densenet,8,7,0.48081336676873454,0.4292216520459717,0.06485135780129049,-0.013259643078527616,0.42618018659281504,0.05463318017591959,0.8624930828216818,0.8661624812248018
densenet,8,8,0.4804382138551142,0.4295700848176361,0.06368584708711994,-0.012817718049641824,0.42708916465897817,0.05334904919613606,0.8609910669582861,0.8650491449050041
densenet,8,9,0.4840593542793188,0.4337197286727552,0.06253207584573574,-0.012192450239172148,0.4306487919837107,0.053410562295608054,0.8583888903528419,0.8622493346333238
densenet,8,10,0.4681790964531435,0.4433742363541734,0.03016540674537133,-0.005360546646401232,0.44024202652720995,0.027937069925933613,0.8490012912066194,0.8511027958575983
densenet,8,11,0.4881514657677939,0.4438955481882076,0.05923144918222521,-0.01497553160263887,0.4379208490515052,0.05023061671628869,0.8518208648449235,0.8571701494110517
densenet,8,12,0.4840337478246938,0.43306980188378513,0.06718334850924122,-0.016219402568332486,0.42843086294475163,0.055602884879942215,0.8581385543756094,0.8630662204537669
densenet,8,13,0.4649560593852068,0.4284989608255258,0.04712885625113989,-0.010671757691458894,0.4239426928021408,0.04101336658306601,0.8617881894121058,0.8655168779150965
densenet,8,14,0.4674195280329073,0.43038962570584377,0.04681432119885306,-0.009784418871789491,0.42669379382570255,0.04072573420720487,0.8615444412237476,0.8647922211388969
densenet,8,15,0.48673914367791804,0.43458808939952714,0.06769724229356813,-0.015546188015177265,0.4304073827196123,0.05633176095830572,0.8586524019078235,0.8633692587419959
densenet,8,16,0.47370235444808695,0.4401629261123631,0.04303877310742131,-0.009499344771697449,0.4357863380327374,0.037916016415349516,0.8537181480407916,0.857855279454004
densenet,8,17,0.47416037515468673,0.4223224234370101,0.06395451681053843,-0.012116565092861797,0.4206589181889388,0.05350145696574792,0.8656749848480856,0.8692916809402094
densenet,8,18,0.47535434472072247,0.42391717723947314,0.063379502179476,-0.011942334698226698,0.4225933025638062,0.0527610421569162,0.8659714353474401,0.8692258030514639
densenet,8,19,0.4853208268183054,0.43422676191054316,0.06708493678250965,-0.015990871874747403,0.4298487977115768,0.05547202910672853,0.8597920893831195,0.8648119845055207
densenet,8,20,0.4750761197256671,0.42477402113332835,0.06356161000480721,-0.01325951141246845,0.421446918745628,0.053629200980039156,0.8639094574297084,0.8672428786002266
densenet,8,21,0.48631803779674654,0.4358494953097693,0.06696427478565178,-0.016495732298674515,0.4308108274531325,0.05550721034361401,0.8571833249888007,0.8623745026219399
densenet,8,22,0.46996492249964694,0.4326176944589334,0.04802572506194097,-0.010678497021227418,0.4282219548064313,0.041742967693215664,0.8588105088408126,0.8627829455321616
densenet,8,23,0.4732124762232075,0.4213131994568099,0.06094844746156868,-0.009049170695171083,0.4216485999282135,0.05156387629499399,0.8656618092703365,0.8686263142638806
densenet,8,24,0.46918093096400615,0.43496871777285184,0.04518663810058065,-0.01097442490942635,0.42918111563555966,0.039999815328446535,0.8576049434767714,0.8619397085562203
densenet,8,25,0.485007253210798,0.4351713344933496,0.06394068211145876,-0.014104763394010345,0.43062474190874817,0.05438251130204985,0.8576576457877678,0.8618606550897258
densenet,8,26,0.46831449843998774,0.43209089279611945,0.04621616335792323,-0.00999255771405494,0.4278185420168658,0.04049595642312192,0.8585074705525838,0.862058288755962
densenet,8,27,0.4852678982939066,0.433677016277064,0.06575647820950287,-0.01416559619266028,0.4302788997583125,0.054988998535594066,0.8580397375424911,0.8626577775435453
densenet,8,28,0.48335876123547417,0.431048070186959,0.06690082803184542,-0.014590136983330282,0.42716330710459866,0.056195454130875525,0.860128066615721,0.8642783736066826
densenet,8,29,0.4672222459496353,0.43489070654124196,0.040904835026170414,-0.008573295617777088,0.43094395349588704,0.03627829245374828,0.8569000500671955,0.8602795857598355
densenet,9,0,0.4778315222583496,0.4329747014523945,0.05660284224935352,-0.011746021443398424,0.4292376349692184,0.04859388728913112,0.8577301114653878,0.8611030593691533
densenet,9,1,0.4743135519858025,0.42411889362188077,0.06035459621569568,-0.010159937851773937,0.42281171893292935,0.05150183305287303,0.8640543887849483,0.8677237871880682
densenet,9,2,0.46613193796848695,0.4301440931853608,0.04423522346584693,-0.00824737868272074,0.42693624365690547,0.03919569431158153,0.8605167461593191,0.863698648185723
densenet,9,3,0.48637616900225933,0.4462495291081403,0.0516450359533619,-0.011518396059242875,0.4409284532405866,0.04544771576167273,0.8481580542306779,0.8525389338322487
densenet,9,4,0.4725548158635151,0.43968244668179574,0.04101665836406986,-0.008144289182350495,0.43602494887103516,0.03652986699248008,0.8541134153732642,0.8578157527207568
densenet,9,5,0.46706539530434477,0.4318421913262457,0.04506278446172113,-0.009839580483622046,0.42747995930586274,0.03958543599848204,0.8606287385701864,0.8641202666736936
densenet,9,6,0.47801481110733335,0.4288739033831784,0.06416396530504193,-0.015023057580886956,0.42433515409689887,0.0536796570104345,0.8610832960025296,0.8653851221376059
densenet,9,7,0.4709611753886733,0.4396547725729724,0.04057714800245755,-0.009270745186756635,0.4350019324381542,0.03595924295051912,0.854502094916862,0.8587446309520672
densenet,9,8,0.4788019480313939,0.43410422259611603,0.05686408874543545,-0.01216636331015758,0.43012943413878485,0.048672513892609126,0.8578091649318822,0.8612941052465151
densenet,9,9,0.4849570681309031,0.437456547553508,0.06057945768086984,-0.013078937103474741,0.4328622980716757,0.052094770059227496,0.8557208358586524,0.860200532293341
densenet,9,10,0.46663716689483603,0.4317987871080687,0.04405911225301464,-0.009220732466247272,0.4277584537696863,0.03887871312514971,0.8597196237054994,0.8633099686421248
densenet,9,11,0.48382908983224776,0.4332356884775323,0.06507724114642013,-0.0144838397917047,0.42851595915278423,0.0553131306794635,0.8585996995968272,0.8633494953753722
densenet,9,12,0.4820442035555074,0.43293742880812736,0.06287292220873708,-0.013766147461357015,0.42883953004780173,0.05320467350770573,0.8598447916941158,0.8641400300403173
densenet,9,13,0.4762174350947046,0.42661767905784365,0.06223367100092851,-0.012633914964067572,0.42382504743863275,0.0523923876560718,0.8643179003399298,0.8679345964320535
densenet,9,14,0.4690733841976594,0.4329918669457202,0.04601028445776762,-0.009928767205828415,0.4285877432380944,0.040485640959565035,0.8593638831062744,0.8634351366307413
densenet,9,15,0.475156128813784,0.425348904511456,0.06261031233662258,-0.012803088034294585,0.42220157431817423,0.0529545544956097,0.8636788848190994,0.8677896650768137
densenet,9,16,0.48386004549160294,0.4370566689509059,0.06123802307139995,-0.014434646530702921,0.4314807062853421,0.05237933920626084,0.855826240480645,0.8606353263590608
densenet,9,17,0.46708584199314784,0.4397303370325435,0.03462953674763058,-0.007274031787026236,0.4358147042147439,0.03127113777840401,0.8521963688107723,0.8550159424490764
densenet,9,18,0.48213508406338373,0.4333573394970443,0.06230089179458579,-0.01352314722824638,0.42948822514278717,0.052646858920596534,0.8601544177712193,0.86417296898469
densenet,9,19,0.482171622670075,0.4368430723524696,0.060039411282837414,-0.014710860965231998,0.43118272117366374,0.0509889014964113,0.857064744789059,0.8613072808242642
densenet,9,20,0.47831630449589546,0.42804452259402875,0.06269865430039366,-0.012426872398526967,0.4255243012582607,0.052792003237634846,0.8634219610529921,0.8674734512108356
densenet,9,21,0.4677885099706732,0.43463500736787103,0.04192160183328859,-0.008768099230486381,0.4301581719642893,0.03763033800638395,0.8577762259875095,0.8608197844475481
densenet,9,22,0.48239300188301687,0.43643830761079094,0.060047328738168294,-0.014092634465942389,0.43075777719705655,0.05163522468596032,0.8557998893251468,0.8606221507813118
densenet,9,23,0.4691642647055356,0.4333810845975696,0.04524921246818476,-0.009466032360218701,0.4293548185717002,0.03980944613383544,0.8594165854172706,0.8633560831642467
densenet,9,24,0.48100710576472827,0.4295404341853239,0.06589382175683406,-0.014427150177429682,0.4259050290856765,0.055102076679051794,0.8623086247331945,0.8664391683575325
densenet,9,25,0.47963940724153037,0.4317603912127249,0.0623270253921147,-0.014448009363309255,0.42714610417207566,0.052493303069454746,0.859324356373027,0.8638896940630847
densenet,9,26,0.48423395346457465,0.4352127751185091,0.062494699663893455,-0.013473521317827863,0.4314309179264807,0.052803035538093866,0.8587182797965691,0.8633297320087486
densenet,9,27,0.4830460503173981,0.43404308310946343,0.06420258258637854,-0.015199615378443831,0.42915102304282804,0.05389502727457005,0.858691928641071,0.8640741521515718
densenet,9,28,0.4825494324818565,0.4346203111715297,0.06300306103288153,-0.015073939722554719,0.42953736542658477,0.053012067055271755,0.8589225012516799,0.8637184115523466
densenet,9,29,0.4814927493002268,0.435830633477787,0.05917131456206919,-0.013509198739629413,0.4310517821998514,0.05044096710037535,0.856056813091254,0.86035863922633
densenet,10,0,0.4668436396049242,0.43252113503704803,0.04368412292461262,-0.009361618356736434,0.42812893338649566,0.038714706218428534,0.8592387151176579,0.8625523729215526
densenet,10,1,0.47998768232603356,0.4341900308360052,0.05967562501935163,-0.013877973529323295,0.4290387801648462,0.05094890216118736,0.8577762259875095,0.862433792721811
densenet,10,2,0.4811718398908658,0.43964050197058124,0.05394619913698892,-0.012414861216704376,0.4339227801327954,0.047249059758070484,0.8531581859864554,0.8573875464439116
densenet,10,3,0.47510875430620975,0.42754836984651245,0.061380260098416434,-0.01381987563871917,0.42318110092741834,0.051927653378791454,0.8620846399114601,0.8662876492134179
densenet,10,4,0.4765147518436058,0.4272723652828519,0.060368982298848566,-0.011126595738094658,0.42485561979512926,0.051659132048476504,0.8629410524651506,0.8665248096129015
densenet,10,5,0.4687326220659961,0.43383531115663415,0.043954572482759184,-0.009057261573397257,0.42973023708695673,0.03900238497903931,0.8582241956309784,0.8618870062452239
densenet,10,6,0.4672983456386384,0.43404156055123216,0.043460494016851814,-0.010203708929445554,0.4289099173926013,0.038388428246037096,0.8583427758307203,0.8623349758886927
densenet,10,7,0.4812801614803413,0.4315105338236219,0.06345636393406065,-0.013686736277341238,0.4275370242874687,0.05374313719287253,0.8601412421934702,0.864574824106037
densenet,10,8,0.4807347607089172,0.4335595622550644,0.06149654413199959,-0.014321345678146802,0.4280332248318009,0.052701535877116276,0.8596339824501305,0.8638304039632138
densenet,10,9,0.4830536610943145,0.4363341580765612,0.061297773617628115,-0.014578270599874765,0.43091389748765235,0.052139763606662115,0.8572426150886717,0.8623942659885636
densenet,10,10,0.4781747330744907,0.42936994087701147,0.06343998961302895,-0.014635197415549694,0.4246686937914617,0.05350603928302904,0.8617816016232313,0.866142717858178
densenet,10,11,0.4792438459069496,0.4300219697258722,0.06204218815922153,-0.01282031197814415,0.4265954910736762,0.05264835483327328,0.8617816016232311,0.8663732904687871
densenet,10,12,0.476936186283852,0.42933538766216983,0.0617403570334695,-0.014139558411787323,0.42469109780284753,0.05224508848100443,0.8616959603678621,0.8662547102690453
densenet,10,13,0.4778095694795919,0.43018835984623455,0.061816369831862325,-0.014195160198504975,0.4256109890319721,0.0521985804476198,0.8619924108672166,0.8664325805686579
densenet,10,14,0.46957273366826807,0.43552083099470507,0.04434400103693395,-0.010292098363370916,0.43045815389266995,0.03911457977559807,0.8578421038762549,0.8621768689557037
densenet,10,15,0.47869360471352795,0.43538806706881406,0.056648725882960486,-0.013343188238246595,0.4300958268962156,0.04859777781731236,0.8565443094679701,0.8610832960025296
densenet,10,16,0.4805210366911702,0.4371056986300883,0.05685492560624142,-0.013439587545159504,0.4316930552666469,0.04882798142452316,0.8564850193680993,0.8604047537484518
densenet,10,17,0.48212027308261324,0.432966688497066,0.06454800440082306,-0.01539441981527584,0.4278269615839629,0.054293311498650326,0.8600094864159793,0.8647065798835281
densenet,10,18,0.47916205344986096,0.4296696274316692,0.0625297889001512,-0.013037362881959447,0.4260153325130729,0.05314672093678811,0.8617947772009803,0.8659780231363144
densenet,10,19,0.4804392442340816,0.4368157240504024,0.057393749921232376,-0.013770229737553208,0.4311289306918947,0.04931031354218689,0.8558525916361432,0.8602202956599646
densenet,10,20,0.4793911790192695,0.43024800828177656,0.06313203465961156,-0.013988863922118677,0.42593992141045395,0.05345125760881555,0.860977891380537,0.8651874884713695
densenet,10,21,0.4773732654658006,0.4349452170412245,0.05528492194197909,-0.012856873517403,0.42970316587147883,0.047670099594321745,0.8565311338902211,0.8604113415373265
densenet,10,22,0.48255735226456187,0.4388529018533806,0.057698187782279566,-0.013993737371098325,0.43304873801053456,0.049508614254027285,0.8542517589396295,0.8587973332630636
densenet,10,23,0.48130802157376096,0.43461414836469375,0.06089082810561853,-0.014196954896551317,0.4295905909857139,0.05171743058804698,0.857697172521015,0.8628883501541542
densenet,10,24,0.4777277770225033,0.42995628138390674,0.06224154229099728,-0.014470046652400703,0.4250837120617105,0.05264406496079274,0.8616234946902421,0.8659648475585655
densenet,10,25,0.4664249624428985,0.43321027956476255,0.04317492213835011,-0.009960239260214165,0.42816065751671745,0.03826430492618111,0.8583230124640966,0.8619660597117182
densenet,10,26,0.4769694578773199,0.4287530539911887,0.06051827974906152,-0.0123018758629303,0.4254458589046276,0.05152359897269234,0.8618935940340984,0.8660504888139344
densenet,10,27,0.4742070922205082,0.4265792438071831,0.06002132639802684,-0.012393477984701695,0.4230099967209118,0.05119709549959631,0.8627302432211652,0.8666368020237687
densenet,10,28,0.48029284110497106,0.43118516834525367,0.06437928121590565,-0.015271608456188246,0.42617777307810767,0.0541150680268634,0.8601017154602228,0.8647526944056498
densenet,10,29,0.4777919426278263,0.4342979451561569,0.055536148789462066,-0.012042151317792626,0.42984564071942316,0.04794630190840322,0.8574600121215317,0.8614522121795041
densenet,11,0,0.4814729430749247,0.43663683351458527,0.05839452355210886,-0.01355841399176938,0.4313010777638203,0.05017186531110432,0.8566826530343356,0.8615839679569948
densenet,11,1,0.4790962004747129,0.43724656436059556,0.054503511418048496,-0.012653875303931139,0.431831663803698,0.047264536671014865,0.8554046219926743,0.8597920893831195
densenet,11,2,0.47862449898467907,0.4316517007382012,0.06126413996563766,-0.0142913417191598,0.42639317790597914,0.05223132107869989,0.8602137078710902,0.8650293815383805
densenet,11,3,0.47793511794360327,0.4305373640807344,0.059875703422314755,-0.012477949559445867,0.42661687243658786,0.05131824550701539,0.8608461356030461,0.8649569158607605
densenet,11,4,0.4792904950363011,0.43389594875924303,0.05908492360268204,-0.013690377325623948,0.4281724505360178,0.051118044500283275,0.8583361880418456,0.8630201059316451
densenet,11,5,0.46914319772662005,0.4357688305007988,0.0431329341230596,-0.009758566897238308,0.43080650028648754,0.03833669744013245,0.856992279111439,0.8609844791694117
densenet,11,6,0.4786988557638505,0.43192976896867274,0.06078368823906413,-0.014014601443886332,0.4269251830612368,0.051773672702613675,0.8607670821365516,0.8655366412817201
densenet,11,7,0.48055005173966114,0.4333273244262704,0.06195888945245677,-0.014736162139066034,0.42784194135354153,0.052708110386119535,0.8589093256739307,0.8638501673298373
densenet,11,8,0.47663123028236903,0.4307454714762164,0.059581454709217635,-0.01369569590306502,0.4257803719488694,0.050850858333499505,0.8608527233919208,0.8652533663601147
densenet,11,9,0.4762178611608107,0.4293597735571615,0.05952306045548592,-0.012664972851836709,0.4252087303928891,0.051009130767921525,0.8616630214234895,0.8657869772589529
densenet,11,10,0.47583724555896906,0.4299066579985677,0.05947465248868519,-0.013544064928283805,0.4249620505328107,0.05087519502615828,0.8605299217370681,0.8651347861603731
densenet,11,11,0.47703755396599395,0.43029315133027324,0.0606103194437702,-0.013865916808049494,0.4254358929056457,0.051601661060348226,0.8607670821365516,0.8651874884713694
densenet,12,0,0.4775446043093747,0.43232415226738347,0.0586816154781248,-0.013461163436133572,0.42709575013425166,0.05044885417512285,0.8596932725500014,0.8644101293841734
efficientnet,1,0,0.4679630272809215,0.4679630272809215,0.0,0.0,0.4679630272809215,1.305518884087929e-17,0.8361221639568894,0.8361221639568894
efficientnet,1,1,0.5139858759972379,0.5139858759972379,0.0,0.0,0.5139858759972379,9.430938451009419e-18,0.7841609792089382,0.7841609792089382
efficientnet,1,2,0.7659367840361944,0.7659367840361944,0.0,0.0,0.7659367840361979,1.380507275864988e-17,0.8662085957469235,0.8662085957469234
efficientnet,1,3,0.490189182776822,0.490189182776822,0.0,0.0,0.49018918277682194,1.2157845181489977e-17,0.8171559197870828,0.8171559197870828
efficientnet,1,4,0.501736441256163,0.501736441256163,0.0,0.0,0.501736441256163,8.79984330170845e-18,0.7965559039763894,0.7965559039763894
efficientnet,1,5,0.6366968775868799,0.6366968775868799,0.0,0.0,0.6366968775868881,1.5613803326021528e-17,0.9007417850272734,0.9007417850272734
efficientnet,1,6,0.4587507077313266,0.4587507077313266,0.0,0.0,0.4587507077313266,1.410776997102717e-17,0.841484624100767,0.841484624100767
efficientnet,1,7,0.6207626246244204,0.6207626246244204,0.0,0.0,0.6207626246243982,1.3441376299729187e-17,0.8653324198266095,0.8653324198266095
efficientnet,1,8,0.5324346002452476,0.5324346002452476,0.0,0.0,0.5324346002452476,7.218293461610826e-18,0.7644931355239927,0.7644931355239927
efficientnet,1,9,0.4898777758005836,0.4898777758005836,0.0,0.0,0.4898777758005835,1.2202948662289778e-17,0.8121162612980579,0.8121162612980579
efficientnet,1,10,0.504790316191284,0.504790316191284,0.0,0.0,0.504790316191284,1.326595891646787e-17,0.829942817992569,0.829942817992569
efficientnet,1,11,0.48752567134216973,0.48752567134216973,0.0,0.0,0.4875256713421697,1.0924590003433836e-17,0.8064046483438299,0.8064046483438299
efficientnet,2,0,0.5443628259526709,0.42741882665467906,0.11438299668700984,0.0025610026109820216,0.458773004604872,0.08558982134779915,0.8676183825660755,0.8728556747213365
efficientnet,2,1,0.627907279918389,0.43586702351120105,0.2148567501520509,-0.022816493744862942,0.5077973149020507,0.12010996501633832,0.8634878389417375,0.8726909799994731
efficientnet,2,2,0.4959628120164925,0.47364247134188164,0.02437685840814474,-0.0020565177335338802,0.47398028898685246,0.021982523029640072,0.8192837755935598,0.8198503254367704
efficientnet,2,3,0.6399613300167162,0.4385437075630394,0.26460186591123985,-0.06318424345756313,0.5003555973979871,0.13960573261872913,0.8602795857598357,0.8720980790007642
efficientnet,2,4,0.4743142417659551,0.452614447744935,0.029635879523269605,-0.007936085502249501,0.4493269737136826,0.02498726805227252,0.8390471422171862,0.8420643495217266
efficientnet,2,5,0.497489749484053,0.4563076287387329,0.037873145450225014,0.003308975295095107,0.4652925773252588,0.032197172158794106,0.8401209518037366,0.8390537300060608
efficientnet,2,6,0.5523299524339007,0.3895439426388887,0.20969731583620912,-0.04691130604119709,0.43640521602231713,0.11592473641158345,0.8913475980921763,0.9048130385517406
efficientnet,2,7,0.5692166594215214,0.3974821745233559,0.28558403250128545,-0.11384954760311994,0.428150399542956,0.14106625987856553,0.8867690848243697,0.9037655801206882
efficientnet,2,8,0.4958071085283733,0.48322060865048405,0.01440366643790249,-0.0018171665600132392,0.4820061879709945,0.013800920557378757,0.8122348414977996,0.8136446283169516
efficientnet,2,9,0.5019318258989107,0.4855964137150528,0.016644662804611632,-0.00030925062075370935,0.48611188481478274,0.015819941084128025,0.809662309942291,0.810027932224828
efficientnet,2,10,0.5020875293870299,0.48030236757747224,0.025087147630705426,-0.0033019858211477127,0.47982961737503277,0.022257912011997148,0.814619621070384,0.8162270415557722
efficientnet,2,11,0.47907610502887177,0.45936089794163865,0.01810826780863033,0.0016069392786027814,0.46253302756000975,0.016543077468861935,0.8361221639568894,0.8362670953121295
efficientnet,2,12,0.48885742705949586,0.47165570037859467,0.019259762374817618,-0.002058035693916438,0.4718021231433545,0.01705530391614128,0.8216224406440222,0.8223997997312182
efficientnet,2,13,0.6287297511056502,0.46581325504537946,0.16216158519741186,0.0007549108628588375,0.516383003071252,0.11234674803439978,0.8994176394634904,0.9044770613191389
efficientnet,2,14,0.47892040154075255,0.46070948083105906,0.021140978473512602,-0.002930057763819105,0.45969814111395646,0.01922226042679609,0.8349890642704683,0.836458141189491
efficientnet,2,15,0.5007557736697038,0.48903517061100676,0.013380899739920097,-0.001660296681223028,0.48840466081231587,0.012351112857387969,0.804013280982371,0.8041845634931091
efficientnet,2,16,0.5477237926591032,0.37440147471108465,0.21265513525227195,-0.03933281730425342,0.42693740893133386,0.12078638372776933,0.898403119976811,0.9064204590371288
efficientnet,2,17,0.4909744516390797,0.4650410978200053,0.03336040386448088,-0.007427050045406447,0.46237164509541895,0.02860280654366072,0.8280521225855755,0.8300021080924398
efficientnet,2,18,0.5707435968890819,0.3938663203729146,0.2114262289723132,-0.034548952456145865,0.44429951753806923,0.1264440793510125,0.8925663390339668,0.9045824659411315
efficientnet,2,19,0.5753413767920589,0.39949601129318685,0.2948853745918543,-0.11904000909298229,0.4302469359984882,0.14509444079357078,0.8831589765211203,0.90208569395768
efficientnet,2,20,0.5634430301818509,0.39336784940080866,0.23243596908694636,-0.06236078830590408,0.43625173984626126,0.1271912903355904,0.8887355398034202,0.9038380457983083
efficientnet,2,21,0.5554759037006212,0.4348917051233928,0.13280915987756284,-0.012224961300334458,0.4561958815666012,0.09928002213401964,0.8643508392843027,0.8741073546074996
efficientnet,2,22,0.46335686750612404,0.43548166299890556,0.032973711343194365,-0.005098506835975902,0.4351404940912873,0.02821637341483671,0.8523017734327649,0.8548578355160874
efficientnet,2,23,0.5632873266937317,0.3992893305675798,0.2406475186678158,-0.0766495225416639,0.4378234221493292,0.1254639045444025,0.8853000079053467,0.9021581596353
efficientnet,2,24,0.509388096094261,0.46572448499628677,0.053333628275637354,-0.009670017177663137,0.46856717667494696,0.04082091941931407,0.8293169780494875,0.829336741416111
efficientnet,2,25,0.576598612434834,0.4496831217802207,0.19270208194168542,-0.0657865912870721,0.4572172986445005,0.11938131379033334,0.8565970117789665,0.8677567261324408
efficientnet,2,26,0.5627764704078522,0.4355757693774893,0.12336376339223647,0.0038369376381264253,0.46578518212879955,0.09699128827905297,0.8689622914964823,0.8732970565759309
efficientnet,2,27,0.6267312276891821,0.43340010589345446,0.23124729608236494,-0.037916174286637294,0.5036900363506184,0.12304119133856371,0.8624799072439326,0.8736330338085326
efficientnet,2,28,0.47313818953674813,0.45220593276000864,0.03269446304612799,-0.011762206269388509,0.4465795441469073,0.026558645389840842,0.8378218134865214,0.8425123191651953
efficientnet,2,29,0.5170855207507052,0.5020225822985172,0.023546171121730047,-0.008483232669541985,0.49572634433478285,0.021359176415922443,0.7968391788979947,0.7999486152467786
efficientnet,3,0,0.49250896663994953,0.44531215964578885,0.06101934963736046,-0.013822542643199764,0.4420004373889688,0.050508529250980636,0.8448378086379087,0.8488958865846268
efficientnet,3,1,0.49723357670540985,0.47536090505422457,0.02575561984769022,-0.003882948196504976,0.47380733026573574,0.02342624643967408,0.8179003399299059,0.8192903633824342
efficientnet,3,2,0.5019705000100743,0.4761744822889403,0.028914317473615985,-0.003118299752482012,0.4752943979154519,0.026676102094622334,0.8156802550791853,0.8165959577327466
efficientnet,3,3,0.49393446661118956,0.4718025918373877,0.02434329472543289,-0.002211419951631044,0.47129628719093863,0.022638179420250835,0.8222416927982291,0.8230256396742996
efficientnet,3,4,0.4867596716047918,0.4499152073440893,0.04262076901335235,-0.005776304752649841,0.4500051168755765,0.03675455472921524,0.8421763419325938,0.8441395030172072
efficientnet,3,5,0.6347900342930791,0.39434257670678613,0.295359308564408,-0.05491185097811502,0.47037078510233454,0.1644192491907444,0.8920063769796306,0.9006627315607788
efficientnet,3,6,0.5342371759675265,0.4282060583455886,0.1373104224034923,-0.031279304781554385,0.4283626765070045,0.10587449946052213,0.8622822735776965,0.8712153152915756
efficientnet,3,7,0.5820012475378666,0.4264492538341062,0.19869982430260458,-0.043147830598844195,0.44894350479016365,0.13305774274770302,0.8623745026219398,0.8745355608843448
efficientnet,3,8,0.4929036597729146,0.4665120693145767,0.05034646956992493,-0.023954879111587002,0.45320556448939825,0.03969809528351639,0.8287043136841551,0.835970644812775
efficientnet,3,9,0.5469076320706127,0.4466029430252642,0.1590968466027444,-0.058792157557395974,0.4324021943013054,0.11450543776930724,0.855740599225276,0.8683232759756515
efficientnet,3,10,0.49597443295611293,0.47037400271496466,0.04568338817782434,-0.020082957936676082,0.4590050786289139,0.036969354327199,0.8262536562228253,0.8320179714880498
efficientnet,3,11,0.5017237279912706,0.47455376143703787,0.04820376781796976,-0.021033801263736995,0.4621428808770641,0.039580847114206556,0.8230717541964215,0.8297649476929564
efficientnet,3,12,0.630837145807886,0.39615906724196653,0.26063806782657806,-0.025959989260658678,0.4754560116838746,0.15538113412401103,0.890965506337453,0.8994439906189887
efficientnet,3,13,0.4988015110826769,0.46091216496479404,0.04834996295150101,-0.010460616833618097,0.45777590192192563,0.041025609160751264,0.8325581701757622,0.8349100108039738
efficientnet,3,14,0.620461456451467,0.37552552816517604,0.24103993198279333,0.003895996303497684,0.4676073218670714,0.1528541345843958,0.9005112124166644,0.902401907823658
efficientnet,3,15,0.5232341717108563,0.4168015109860222,0.13138393537133347,-0.024951274646499377,0.41668642037124054,0.10654775133961587,0.8700163377164088,0.8786726922975573
efficientnet,3,16,0.5438921255183287,0.39333065880719326,0.21653858698919415,-0.0659771202780588,0.39953614721088987,0.14435597830743865,0.8864726343250152,0.9025402513900235
efficientnet,3,17,0.5811134103929826,0.4313697688370005,0.20783629994635294,-0.05809265839037081,0.4480581627974756,0.13305524759550694,0.8603125247042083,0.8737911407415216
efficientnet,3,18,0.6010539001575753,0.4266892174249163,0.26269823563711164,-0.08833355290445255,0.44253231556310063,0.15852158459447474,0.8657935650478272,0.8758531186592533
efficientnet,3,19,0.5437883231929158,0.3981827805969156,0.2199337163280912,-0.074328173732091,0.40062958485754807,0.1431587383353678,0.8843908930406598,0.901051411104377
efficientnet,3,20,0.5738084942197619,0.42166682071787015,0.19779213498652448,-0.0456504614846327,0.4448517739186486,0.1289567203011133,0.8660768399694326,0.8765645998577039
efficientnet,3,21,0.5785454175244262,0.42288932176542554,0.21006839431803825,-0.05441229855903762,0.44309928190517434,0.13544613561925198,0.8654444122374767,0.876590951013202
efficientnet,3,22,0.497640583077579,0.46927547887725646,0.05193807165890264,-0.02357296745858012,0.45479835595072765,0.0428422271268514,0.8276173285198556,0.8351076444702099
efficientnet,3,23,0.6247416933342615,0.42174292180542555,0.22035125986526097,-0.017352488336424998,0.4849703635952512,0.13977132973901024,0.8774144246225196,0.8839824501304383
efficientnet,3,24,0.4866295504379689,0.45822350194527073,0.03386752503266793,-0.005461476539969756,0.456162541825862,0.03046700861210679,0.8336517431289363,0.8352394002477008
efficientnet,3,25,0.5477954692154966,0.438245031999954,0.1653615019452487,-0.055811064729706095,0.4256610013785199,0.12213446783697672,0.8602466468154629,0.8721244301562624
efficientnet,3,26,0.5081200747594109,0.48088283914980573,0.04027577817773411,-0.013038542568128975,0.4733264221813007,0.034793652578110144,0.8157724841234287,0.8185261798729875
efficientnet,3,27,0.540758057321276,0.4424030398768099,0.1383412112526472,-0.039986193808181136,0.4357786346388665,0.10497942268240944,0.8551147592821944,0.8674141611109647
efficientnet,3,28,0.4940645877780125,0.46030194738310004,0.0410579517917805,-0.007295311396868065,0.4586064748138839,0.03545811296412852,0.834415926638383,0.8364976679227384
efficientnet,3,29,0.5465129389376474,0.42958210749953496,0.14960431666037494,-0.03267348522226243,0.431087677553897,0.1154252613837505,0.8631518617091359,0.8706817043927375
efficientnet,4,0,0.5528258146149674,0.4270363714063578,0.17561691400724808,-0.049827470798638474,0.4276592336161759,0.1251665809987914,0.8616498458457404,0.8744960341510974
efficientnet,4,1,0.5621612025469687,0.3897553459543667,0.27417933484823304,-0.1017734782556311,0.3875178744738406,0.17464332807312793,0.8940749426862368,0.905023847795726
efficientnet,4,2,0.5399309955792787,0.4388175603013393,0.15745390523675348,-0.05634046995881403,0.41999748010713106,0.1199335154721477,0.8603981659595774,0.8710835595140848
efficientnet,4,3,0.5171981526206868,0.42927781231177603,0.11077125870882779,-0.022850918399917042,0.42420822221893845,0.0929899304017484,0.8602598223932121,0.8694893146064455
efficientnet,4,4,0.5565497597767322,0.42494561009469134,0.1976658049845267,-0.06606165530248587,0.41840705123771854,0.13814270853901364,0.8624667316661836,0.8774868903001396
efficientnet,4,5,0.4983592928430981,0.4738865572211574,0.02850232895766707,-0.004029593335726389,0.4720074200791205,0.02635187276397762,0.8181704392737622,0.819494584837545
efficientnet,4,6,0.4876170493977994,0.44996677510861466,0.04291532214610895,-0.005265047856924221,0.44957715279366545,0.03803989660413382,0.8421763419325936,0.8434016706632587
efficientnet,4,7,0.534707736592303,0.4165549035141543,0.242606915123324,-0.12445408204517538,0.3756010914635472,0.15910664512875589,0.8772760810561543,0.9006561437719043
efficientnet,4,8,0.5318209219724678,0.41135195635800453,0.22883498324505877,-0.1083660176305955,0.37961632010415713,0.15220460186831053,0.8779216843658594,0.899812906795963
efficientnet,4,9,0.5326501680031053,0.44733395800777864,0.13323261075016177,-0.047916400754835164,0.4285120346134018,0.10413813338970355,0.8526575140319903,0.8657540383145801
efficientnet,4,10,0.5179573299723002,0.4184599549772438,0.12812792647489207,-0.02863055147983573,0.4125425772258387,0.1054147527464615,0.868402329442146,0.8757872407705077
efficientnet,4,11,0.4971189151814016,0.4536489975120669,0.055904175256155056,-0.012434257586820374,0.44925411602897136,0.04786479915243018,0.8373672560541779,0.8396005164826479
efficientnet,4,12,0.5532370502085979,0.3918837989833585,0.2259375469944303,-0.06458429576919089,0.3992259830824928,0.15401106712610493,0.8902935518722497,0.9032780837439721
efficientnet,4,13,0.49049967408172424,0.463839844671098,0.03832326001907576,-0.011663430608449543,0.4564847168883142,0.03401495719341003,0.8273999314869958,0.8325845213312603
efficientnet,4,14,0.5010653198309977,0.4730513259667724,0.04145330821151404,-0.013439314347288733,0.46467334249231135,0.036391977338686286,0.8242180294605919,0.8279401301747081
efficientnet,4,15,0.517050232197603,0.38859783661458003,0.18872793777268723,-0.060275542189664244,0.3811113901681216,0.1359388420294814,0.8878494821997945,0.9027839995783815
efficientnet,4,16,0.5755587590198159,0.4453671139971156,0.22056521900335246,-0.09037357398065216,0.4261107469482022,0.14944801207161368,0.8523413001660123,0.8708134601702284
efficientnet,4,17,0.6099646445149014,0.3918876558170854,0.31952165297946383,-0.10144466428164778,0.4230865636153803,0.18687808089952124,0.8903857809164931,0.8998656091069595
efficientnet,4,18,0.5200849672405221,0.43404655090981703,0.1176833617511387,-0.03164494542043361,0.42384601882979883,0.0962389484107233,0.8591991883844106,0.8696474215394345
efficientnet,4,19,0.5205936897466983,0.4069866172850831,0.1935684244145715,-0.07996135195295628,0.3853257511170969,0.13526793862960135,0.8770323328677964,0.898574402487549
efficientnet,4,20,0.5367115829877798,0.420867559650835,0.23527319099184366,-0.11942916765489886,0.3818125821014804,0.15489900088629932,0.8728424991435875,0.8980671427442093
efficientnet,4,21,0.5595187175227939,0.42485198727537404,0.18636978957231617,-0.05170305932489627,0.42563645636990716,0.13388226115288676,0.8619265329784711,0.8748122480170755
efficientnet,4,22,0.5571419758272459,0.41898452646268053,0.17006363744325104,-0.031906188078685616,0.43143753553018904,0.12570444029705682,0.8666433898126434,0.876129805791984
efficientnet,4,23,0.5377700952775717,0.4190153139925335,0.24364064465758475,-0.12488586337254659,0.378004278045043,0.1597658172325288,0.8745355608843448,0.8996284487074758
efficientnet,4,24,0.5618278186973976,0.422509204190431,0.2169575761635491,-0.07763896165658246,0.4139406186111628,0.14788720008623488,0.8664984584574034,0.8790745474189042
efficientnet,4,25,0.5095865250688676,0.48283509768200045,0.037012966806256695,-0.010261539419389565,0.4766026277045371,0.03298389736433046,0.8130220822683074,0.8154892092018236
efficientnet,4,26,0.48685358066401907,0.45976186092477217,0.03421022117476774,-0.007118501435520841,0.45587453228475366,0.030979048379265326,0.8322946586207804,0.8346860259822393
efficientnet,4,27,0.5838319730481312,0.4052888561039327,0.21053447192680969,-0.031991354982611186,0.4360898824431421,0.14774209060498922,0.879713562939735,0.8868415505019894
efficientnet,4,28,0.6122635344663899,0.404074613676217,0.3485982366982998,-0.14040931590812689,0.41812973674404963,0.19413379772234032,0.885813855437561,0.898548051332051
efficientnet,4,29,0.5369663292153839,0.43652221252736345,0.14956575323586455,-0.04912163654784407,0.4219322281782358,0.11503410103714803,0.8594626999393924,0.869238978629213
efficientnet,5,0,0.5158265859705058,0.4091796473231148,0.19485446677691468,-0.0882075281295237,0.37409841390997084,0.14172817206053492,0.8768149358349363,0.8989762576088962
efficientnet,5,1,0.4902147918580961,0.4536543469391157,0.05575578884796213,-0.019195343928981756,0.44258471230260105,0.047630079555495086,0.8393040659832934,0.844962976626525
efficientnet,5,2,0.522725055966629,0.4086883175412376,0.18656046601330906,-0.07252372758791759,0.38419118402785013,0.1385338719387789,0.8754380879601571,0.8953068592057762
efficientnet,5,3,0.5779894794512371,0.4257145152670107,0.2216940972418512,-0.06941913305762482,0.4236923551335077,0.15429712431772946,0.8681849324092861,0.8821181058789427
efficientnet,5,4,0.495670687305238,0.4558815605606964,0.05027090373909713,-0.010481776994555547,0.45133528401282386,0.04433540329241416,0.836056286068144,0.8382763709188649
efficientnet,5,5,0.526575303383631,0.4188734371485443,0.1925643453879303,-0.08486247915284362,0.38627096411946465,0.1403043392641664,0.8700163377164088,0.8931592400326755
efficientnet,5,6,0.5508824889523601,0.4261869599651634,0.17950039500093018,-0.054804866013733466,0.41770576639485524,0.1331767225575049,0.8615905557458694,0.8742127592294923
efficientnet,5,7,0.5883190038631537,0.40109725274668273,0.3059243786963224,-0.1187026275798514,0.39958680050902623,0.18873220335412766,0.8860312524704207,0.8994308150412396
efficientnet,5,8,0.5821496451925218,0.42811681781041167,0.23629038848169753,-0.08225756109958737,0.4215354367074805,0.16061420848504127,0.8690874594850985,0.8825331365780389
efficientnet,5,9,0.49459774156202857,0.46259880418066207,0.047611244273080756,-0.015612306891714278,0.4531094092651799,0.041488332296848646,0.8318005744551897,0.8368797596774619
efficientnet,5,10,0.518432705108495,0.4029243957277233,0.19135934377033798,-0.07585103438956631,0.3771515454297507,0.14128115967874444,0.8793446467627606,0.8987852117315345
efficientnet,5,11,0.485615955781413,0.457437762243221,0.03771870305723474,-0.009540509519042784,0.45148787715026273,0.034128078631150194,0.8341655906611505,0.8385398824738465
efficientnet,5,12,0.5633746135954983,0.38643587661608386,0.24481933278260973,-0.06788059580319528,0.40041833373394403,0.16295627986155445,0.8909128040264565,0.9013017470816096
efficientnet,5,13,0.5763547100043981,0.40581682537143854,0.26946518752532894,-0.0989273028923694,0.40444556692994166,0.17190914307445646,0.8811167619700123,0.8978036311892277
efficientnet,5,14,0.5387850128123237,0.3921147710014791,0.21669934841065044,-0.07002910659980588,0.38276751561954575,0.15601749719277797,0.8889694063084665,0.9032912593217213
efficientnet,5,15,0.5459750870969948,0.4171710165971936,0.19107779718686874,-0.06227372668706743,0.40842982894850133,0.1375452581484935,0.8698318796279216,0.880115418061082
efficientnet,5,16,0.5802165824368044,0.4206985490920707,0.2382720534144377,-0.078754020069704,0.4177026112563473,0.16251397118045716,0.8725196974887349,0.8833302590318586
efficientnet,5,17,0.5485107558612443,0.4252299451963311,0.16890781078717382,-0.04562700012226062,0.4210602194950344,0.12745053636620984,0.8614587999683785,0.8736593849640306
efficientnet,5,18,0.5273448215503406,0.42804519854395734,0.1992123491579093,-0.09991272615152613,0.3851056623020411,0.1422391592482994,0.8665709241350232,0.8927639727002028
efficientnet,5,19,0.5084911717209548,0.4162582246038819,0.11289934480928847,-0.020666397692215566,0.41084568928207293,0.097645482438882,0.8680927033650425,0.8743708661624813
efficientnet,5,20,0.5232279502237391,0.42957594598200377,0.13251348413922054,-0.03886147989748512,0.4163768852069221,0.10685106501681696,0.8616366702679912,0.8702271469603943
efficientnet,5,21,0.6092040138539129,0.3912714980913419,0.3044751030650191,-0.08654258730244813,0.4200280866604844,0.1891759271934285,0.8937587288202586,0.9013544493926058
efficientnet,5,22,0.5986191509569159,0.3885579892901225,0.2641707163665017,-0.05410955469970835,0.42459187706171003,0.17402727389520578,0.8942066984637276,0.9021252206909274
efficientnet,5,23,0.5762689281883636,0.39704340099918717,0.2933173378614154,-0.11409181067223895,0.3950725868531498,0.18119634133521387,0.8882711006877652,0.9003992200057973
efficientnet,5,24,0.5525261372370225,0.4025771634424039,0.25934834455916145,-0.10939937076454287,0.37798404593548857,0.1745420913015339,0.887368573611953,0.9024546101346544
efficientnet,5,25,0.5311741394603142,0.41717008322031834,0.2164725959885898,-0.10246853974859393,0.3795125773814991,0.15166156207881507,0.8736593849640306,0.8964926612031937
efficientnet,5,26,0.527376513880798,0.44612053968370735,0.1283157842067882,-0.04705981000969761,0.4230818083064733,0.10429470557432476,0.8524137658436324,0.865582755803842
efficientnet,5,27,0.5535691917803542,0.43985056276688034,0.1911934795580069,-0.07747485054453296,0.41655083346171984,0.13701835831863438,0.8549303011937074,0.8722034836227569
efficientnet,5,28,0.4859923447215637,0.45421518041921677,0.044679270804666237,-0.012902106502319266,0.44584311967744644,0.04014922504411724,0.8363461487786239,0.8418140135444939
efficientnet,5,29,0.5276108999276715,0.43604022016652605,0.13281131003815988,-0.04124063027701441,0.4202098024861191,0.10740109744155225,0.8583230124640966,0.8675986191994518
efficientnet,6,0,0.5107961094156575,0.4198824978275236,0.16631668879921144,-0.07540307721107764,0.38334137180691547,0.12745473760874199,0.8683496271311497,0.8923489420011067
efficientnet,6,1,0.5010923312687117,0.4643688470520226,0.05268882650073468,-0.01596534228404556,0.4559945777309347,0.04509775353777691,0.8316358797333263,0.8345015678937523
efficientnet,6,2,0.5515122000838247,0.43899178369029124,0.18203865598238297,-0.0695182395888495,0.41512748844180924,0.13638471164201552,0.85481830878284,0.8707080555482358
efficientnet,6,3,0.5570276761027017,0.407468383379671,0.19518617867575255,-0.04562688595272191,0.4087556516400812,0.14827202446262053,0.8761034546364859,0.8858467943819336
efficientnet,6,4,0.564068579014106,0.41414115568010007,0.22176770812239197,-0.071840284788386,0.40515750036704623,0.15891107864705975,0.8755138475322143,0.8855108171493321
efficientnet,6,5,0.558795615415732,0.40226280416425264,0.24745846115625333,-0.09092564990477403,0.3909541751818442,0.1678414402338878,0.8815449682468575,0.8976389364673641
efficientnet,6,6,0.5845136051303028,0.3942750747555646,0.27070172073523174,-0.08046319036049354,0.40446689668185404,0.18004670844844872,0.890188147250257,0.900735197238399
efficientnet,6,7,0.5421394381175959,0.40146319600000385,0.22216373233967138,-0.08148749022207935,0.381264719437706,0.1608747186798898,0.8836728240533349,0.8994439906189886
efficientnet,6,8,0.5331587304298557,0.42122769602735954,0.15879985090685098,-0.046868816504354815,0.41020148862103156,0.12295724180882414,0.8645550607394135,0.8765514242799547
efficientnet,6,9,0.5498099129036486,0.4085166507411645,0.23739730459773042,-0.0961040424352464,0.3806253660927554,0.16918454681089332,0.8820061134680754,0.8989696698200216
efficientnet,6,10,0.5174478558387707,0.42676135621207484,0.17499017194176228,-0.08430367231506641,0.38611834965400166,0.13132950618476907,0.866103191124931,0.8908666895043348
efficientnet,6,11,0.5393769967352807,0.4389297341484115,0.16914873079001383,-0.0687014682031446,0.41206282138474926,0.12731417535053163,0.8543406940894358,0.8724406440222404
efficientnet,6,12,0.5178889134897681,0.42435243531197975,0.1861507905228504,-0.09261431234506212,0.3797650436255157,0.13812386986425235,0.8685011462752642,0.8938443700756278
efficientnet,6,13,0.5167166900915843,0.4457087666727979,0.10956899355520942,-0.03856107013642307,0.4250316032757924,0.09168508681579186,0.8516759334896836,0.8634483122084904
efficientnet,6,14,0.5106258239870309,0.42783075284105687,0.11376794299460065,-0.030972871848626626,0.4133775194720068,0.09724830451502418,0.8611821128356478,0.8706882921816121
efficientnet,6,15,0.5141845542404514,0.4204877349435661,0.18642218012396755,-0.09272536082708227,0.37647693168808843,0.13770762255236293,0.8714458879021845,0.8958668212601124
efficientnet,6,16,0.49175627639958114,0.4604685935449007,0.04749734083433279,-0.016209657979652403,0.4501752648911777,0.04158101150840336,0.8338559645840471,0.8397586234156368
efficientnet,6,17,0.5490267766853747,0.44760580082706525,0.1685634613544224,-0.0671424854961129,0.42048233006391034,0.12854444662146444,0.8481317030751799,0.8674471000553374
efficientnet,6,18,0.5147921470116942,0.4413484227680787,0.10858541212755284,-0.035141687883937345,0.4237444615226501,0.09104768548904399,0.8530461935755882,0.8643508392843026
efficientnet,6,19,0.5436720314185882,0.40975155978292177,0.22888912019533603,-0.09496864855966958,0.3799615869426893,0.16371044447589891,0.8810245329257689,0.8990223721310179
efficientnet,6,20,0.5346027154710432,0.40163220438598,0.19716316441785348,-0.06419265333279023,0.3865409966070435,0.14806171886399966,0.88215763261219,0.8975532952119951
efficientnet,6,21,0.5399378770538408,0.4261998911728713,0.1754872111665734,-0.061749225285604004,0.4086115982898762,0.13132627876396458,0.8628027088987852,0.8759651110701203
efficientnet,6,22,0.5862414525061852,0.39258741790206503,0.26377902470716713,-0.07012499010304696,0.40777784192816274,0.17846361057802257,0.8905965901604785,0.9004058077946717
efficientnet,6,23,0.514085821289358,0.43999437079540715,0.10225064684720295,-0.028159196353252147,0.42570039455947073,0.08838542672988729,0.8519987351445361,0.8631255105536377
efficientnet,6,24,0.5773493162094967,0.3836959929611334,0.25628044308221803,-0.06262711983385472,0.4016974419230247,0.17565187428647228,0.8938377822867531,0.9023953200347835
efficientnet,6,25,0.543841725297772,0.4302741692673113,0.17431785015704127,-0.06075029412658062,0.41293264426770293,0.13090908103006918,0.8600490131492264,0.8733826978313
efficientnet,6,26,0.5790121030019676,0.3868521462722627,0.2589514416127491,-0.0667914848830442,0.40193591573745324,0.17707618726451457,0.8929484307886901,0.9022108619462964
efficientnet,6,27,0.5442496344996924,0.4081190341988463,0.2217462643305372,-0.08561566402969112,0.3833055226707874,0.16094411182890517,0.8809323038815252,0.8981527839995784
efficientnet,6,28,0.5159388795225528,0.4384139018025921,0.1215990018054669,-0.0440740240855062,0.4149830560897179,0.10095582343283493,0.8565772484123428,0.8691467495849692
efficientnet,6,29,0.5313394815035616,0.3986336134680848,0.20562017025362916,-0.07291430221815232,0.378781612481417,0.15255786902214472,0.8843645418851618,0.9003004031726791
efficientnet,7,0,0.574169366011186,0.4028720285836454,0.25694428376857287,-0.08564694634103232,0.3967008804963071,0.17746848551487882,0.8840285646525601,0.89841629555456
efficientnet,7,1,0.5323501661697867,0.4388526306024698,0.15255361465104036,-0.059056079083723456,0.41334988587288196,0.11900028029690474,0.8525521094099975,0.8705170096708741
efficientnet,7,2,0.5645173669427358,0.3914171868098665,0.24641876874145474,-0.07331858860858542,0.39237362388185404,0.17214374306088182,0.8894042003741864,0.9006956705051518
efficientnet,7,3,0.5425617724633433,0.4188721064140438,0.22048573760398965,-0.09679607155469017,0.38154732483382686,0.16101444762951636,0.8763801417692165,0.8959326991488578
efficientnet,7,4,0.5292408386668904,0.4006999714444149,0.20045255805170956,-0.07191169082923399,0.37701075369424103,0.1522300849726495,0.8830008695881314,0.8990487232865161
efficientnet,7,5,0.5334357848941477,0.4271544103120975,0.16152611721333232,-0.055244742631282207,0.40851591993242087,0.12491986496172686,0.8618738306674747,0.8746739044507102
efficientnet,7,6,0.5738333510885553,0.4029703810432737,0.2597479579451264,-0.08888498789984489,0.39570276470819415,0.17813058638036117,0.8847268702732614,0.8986600437429181
efficientnet,7,7,0.5515455422896625,0.42129324046505917,0.1799811604533069,-0.049728858628703576,0.4122754494220791,0.13927009286758343,0.86755250467733,0.8800166012279638
efficientnet,7,8,0.5718085182033581,0.39118248608423783,0.257669076628163,-0.07704304450904276,0.3924023143841025,0.1794062038192555,0.890893040659833,0.9005836780942844
efficientnet,7,9,0.552859193690513,0.42902277453921955,0.18191844340624058,-0.05808202425494713,0.413422479984973,0.13943671370553992,0.8625457851326781,0.8784816464201954
efficientnet,7,10,0.5156396358891298,0.4248006800439323,0.16462834445538943,-0.07378938861019191,0.3886963910872251,0.12694324480190466,0.8659121452475691,0.8883501541542597
efficientnet,7,11,0.5254608094304521,0.40002378110721165,0.19319448983203377,-0.06775746150879325,0.37794643530754873,0.14751437412290347,0.8829284039105114,0.8992792958971251
efficientnet,7,12,0.5362917210572078,0.43791857281176755,0.14637222941846847,-0.0479990811730282,0.4196742429935143,0.11661747806369348,0.8517747503228017,0.8676117947772011
efficientnet,7,13,0.5158272976238459,0.43627667291333905,0.11730886525140796,-0.037758240540901045,0.4172037996822591,0.09862349794158688,0.8570383936335608,0.8667685578012595
efficientnet,7,14,0.5497285153305612,0.42365449004453964,0.18145524504294744,-0.05538121975692589,0.41044780111139484,0.13928071421916643,0.8657210993702074,0.8801351814277056
efficientnet,7,15,0.5574961339412505,0.40643163506825064,0.2506020408218216,-0.0995375419488217,0.38464009532651977,0.1728560386147308,0.8808071358929089,0.8968813407467917
efficientnet,7,16,0.5282555308370629,0.4092463478629359,0.1927537180710528,-0.0737445350969258,0.3812461111069609,0.14700941973010198,0.8781390813987194,0.896848401802419
efficientnet,7,17,0.5746056338590603,0.3958866374932566,0.24855677530940226,-0.06983777894359855,0.3985803002361288,0.17602533362293146,0.8867888481909934,0.8986798071095418
efficientnet,7,18,0.5680284889669196,0.39054494866931166,0.24847359340468253,-0.07099005310707462,0.3936822112483548,0.17434627771856498,0.8902144984057552,0.9007022582940262
efficientnet,7,19,0.5567238511707455,0.4151185287608715,0.2556547664393665,-0.11404944402949257,0.38279594890963037,0.17392790226111518,0.8764262562913384,0.8969011041134154
efficientnet,7,20,0.5080766252850403,0.42356653368817054,0.15649279577129394,-0.0719827041744242,0.384965156527265,0.12311146875777539,0.8655827558038419,0.890273788505626
efficientnet,7,21,0.5378800566856604,0.4370865123500708,0.16677370633793429,-0.06598016200234469,0.41005737653637364,0.12782268014928683,0.8557208358586523,0.8722364225671295
efficientnet,7,22,0.5537605914157034,0.4022022389701274,0.2438836242729973,-0.09232527182742134,0.384634688808879,0.16912590260682445,0.8825199610002898,0.8977641044559804
efficientnet,7,23,0.5314959270380882,0.4101185365181075,0.2082906072562592,-0.08691321673627839,0.3769782457405604,0.15451768129752771,0.8794302880181295,0.8981132572663311
efficientnet,7,24,0.5554102577391845,0.4101670026880137,0.24638450074896273,-0.10114124569779193,0.3847102077162018,0.1707000500229828,0.8778953332103613,0.8966771192916811
efficientnet,7,25,0.576193969487513,0.3937806317210198,0.27566154829559747,-0.09324821052910426,0.3900378342947795,0.18615613519273355,0.8912883079923055,0.9001752351840627
efficientnet,7,26,0.5565358577394127,0.4222910225707711,0.197875438539315,-0.06363060337067339,0.4087001677413654,0.14783568999804736,0.8690413449629767,0.8803657540383145
efficientnet,7,27,0.5252258176626633,0.4255616983323131,0.14381827562595767,-0.04415415629560748,0.41069487524291926,0.11453094241974397,0.8609976547471606,0.8740414767187541
efficientnet,7,28,0.49844305550914464,0.46086074456282694,0.056515264649711454,-0.018932953703393707,0.44945536943512204,0.0489876860740226,0.834000895939287,0.8396598065825187
efficientnet,7,29,0.5122603514160199,0.43870889654634854,0.1117994016601619,-0.038247946790490595,0.41739410423578394,0.09486624718023585,0.8549698279269545,0.8665511607683997
efficientnet,8,0,0.5115956460290078,0.42752971626189273,0.1464940481909537,-0.06242811842383866,0.3932094770958848,0.11838616893312291,0.8613468075575115,0.8847005191177634
efficientnet,8,1,0.5650248058777119,0.40251995331706175,0.25015449747066676,-0.08764964491001659,0.38972641840898137,0.17529838746873033,0.8845160610292762,0.8980671427442093
efficientnet,8,2,0.5302234167909587,0.41677194700789516,0.19366871208856495,-0.08021724230550142,0.3830692298203824,0.1471541869705764,0.8741864080739941,0.8939497746976204
efficientnet,8,3,0.5631996642009041,0.4055796248250607,0.24787199067409496,-0.09025195129825159,0.3892475894535879,0.1739520747473161,0.8827373580331497,0.8981330206329549
efficientnet,8,4,0.5240264427513004,0.40738145358421524,0.18682145892727617,-0.07017646976019098,0.37915371017835986,0.14487273257294048,0.8783367150649556,0.8960512793485994
efficientnet,8,5,0.5429969700268259,0.4063877141021941,0.22156028408948214,-0.08495102816485034,0.3839872387944227,0.15900973123240322,0.8792985322406388,0.8957416532714959
efficientnet,8,6,0.5118360454512878,0.42306830104338045,0.1581164344957927,-0.06934869008788536,0.38723134786272806,0.12460469758855973,0.8668937257898759,0.8885741389759941
efficientnet,8,7,0.5597441286941586,0.39821346896376325,0.22713330085954725,-0.06560264112915193,0.39335307258140756,0.16639105611275098,0.8838902210861946,0.8976982265672351
efficientnet,8,8,0.5406908794958247,0.40449997411318456,0.20978441863374772,-0.07359351325110752,0.3862552198363231,0.15443565965950162,0.8787649213418007,0.8949774697620491
efficientnet,8,9,0.5241537638838165,0.428533526722029,0.1369049428691472,-0.04128470570735965,0.4126154563047054,0.11153830757911119,0.858158317742233,0.8710637961474612
efficientnet,8,10,0.5635793035998391,0.4028651292965148,0.253653814004717,-0.09293963970139263,0.38599933274053744,0.1775799708593016,0.884575351129147,0.89841629555456
efficientnet,8,11,0.5472575726457609,0.4092531786265354,0.23138942124670506,-0.09338502722747954,0.3824177078230683,0.1648398648226926,0.8778492186882394,0.8960315159819758
efficientnet,8,12,0.5115031065219563,0.42544111672398516,0.1586677248619854,-0.07260573506401424,0.3871871666401757,0.12431593988178063,0.8654048855042293,0.8884555587762525
efficientnet,8,13,0.5436369665642102,0.42607308543993555,0.18502412925440054,-0.06746024813012585,0.40242178919314264,0.14121517737106748,0.8663140003689161,0.8811431131255106
efficientnet,8,14,0.5536562387073324,0.39824858792703866,0.22980579008061547,-0.0743981393003218,0.38837016401270474,0.1652860746946277,0.8849113283617487,0.8989960209755198
efficientnet,8,15,0.4946719778526465,0.4534433024672268,0.05987890914329254,-0.01865023375787289,0.4428927220921569,0.05177925576048955,0.8398706158265039,0.8450947324040159
efficientnet,8,16,0.492807910303809,0.4603628674933829,0.04646084048886407,-0.014015797678437969,0.45131800101172737,0.0414899092920816,0.8331840101188437,0.8384213022741047
efficientnet,8,17,0.5440187009311003,0.4193080560588518,0.18653358807263462,-0.06182294320038617,0.4016025916933291,0.1424161092377712,0.8703523149490106,0.8818216553795885
efficientnet,8,18,0.546378405097123,0.42582965990334837,0.18141676850900137,-0.06086802331522678,0.40752518781558317,0.13885321728153988,0.8661295422804289,0.8788505625971699
efficientnet,8,19,0.5444793032087734,0.407104944875133,0.22927291959322665,-0.09189856125958629,0.3815265055902313,0.16295279761854198,0.8796081583177422,0.8967364093915517
efficientnet,8,20,0.544312713988402,0.41875589163454613,0.18478852276620852,-0.059231700412352706,0.40234833747614934,0.1419643765122526,0.8706948799704868,0.8813341590028723
efficientnet,8,21,0.5085285198694043,0.4218213150227043,0.15385806567594232,-0.06715086082924238,0.3872751093338198,0.12125341053558454,0.8674800389997102,0.8886927191757359
efficientnet,8,22,0.5221623752024629,0.4130839831622426,0.18154555637485434,-0.07246716433463407,0.3810154137390159,0.14114696146344696,0.8754644391156552,0.8952014545837835
efficientnet,8,23,0.5386990978755173,0.4159105625589864,0.16917859052682227,-0.04639005521029138,0.40496905538317535,0.13373004249234194,0.870101978971778,0.8809915939813961
efficientnet,8,24,0.5622833673447989,0.4020004220373969,0.25788586963315735,-0.09760292432575535,0.3835868534921552,0.17869651385264376,0.8859192600595537,0.8997009143850958
efficientnet,8,25,0.5294733669393996,0.4318774572760701,0.15194250642587545,-0.05434659676254594,0.4094863693889675,0.11998699755043206,0.8584811193970854,0.8722495981448787
efficientnet,8,26,0.5207189678925452,0.41042019525410633,0.17657226333245818,-0.06627349069401922,0.3820450087444277,0.13867395914811753,0.8760112255922422,0.8946546681071964
efficientnet,8,27,0.5062224293384031,0.4199862919263029,0.14471664397491277,-0.05848050656281256,0.389236470294831,0.11698595904357213,0.8667883211678833,0.8877967798887981
efficientnet,8,28,0.5282502651892891,0.4124283914394663,0.183021261870399,-0.06719938812057624,0.384837572937118,0.14341269225217101,0.8745619120398429,0.8932448812880445
efficientnet,8,29,0.5258329531513128,0.43723003038585584,0.1402856499322035,-0.05168272716674649,0.41376214519664234,0.11207080795467059,0.8535205143745553,0.869726475005929
efficientnet,9,0,0.5520573128985465,0.40053367241137644,0.22244466528527201,-0.07092102479810192,0.3872224914226716,0.16483482147587486,0.8826978312999025,0.8964992489920683
efficientnet,9,1,0.5333091073089956,0.4183484716131414,0.15833632311193052,-0.043375687416076336,0.4052664959887952,0.1280426113202003,0.8677764894990645,0.879193127618646
efficientnet,9,2,0.5329697878717599,0.4240635155111745,0.1580175188435703,-0.04911124648298493,0.40592828506944983,0.12704150280231008,0.8641400300403173,0.8781324936098449
efficientnet,9,3,0.5438220624024154,0.4155786484207116,0.21751901464497908,-0.08927560066327533,0.38399360050179343,0.15982846190062205,0.8736593849640306,0.8930933621439301
efficientnet,9,4,0.5347402604231443,0.4139025186755995,0.19791245122324824,-0.0770747094757035,0.38596237953048473,0.14877788089265953,0.8721837202561333,0.8926190413449631
efficientnet,9,5,0.5350196461215387,0.425602213834747,0.16634445431896788,-0.056927022032176144,0.40389085927862506,0.13112878684291365,0.8648317478721442,0.8791008985744024
efficientnet,9,6,0.5271362168717296,0.419946426783043,0.18010180721009883,-0.07291201712141226,0.3864228184296741,0.14071339844205552,0.8708463991146014,0.890359429760995
efficientnet,9,7,0.5429273595913577,0.42355142203386137,0.21037832282743574,-0.09100238526993931,0.387899033727659,0.15502832586369875,0.868389153864397,0.8908864528709584
efficientnet,9,8,0.5568335055124173,0.4076322682560805,0.22752907145840454,-0.07832783420206779,0.3899034686208601,0.16693003689155705,0.8792524177185169,0.8952541568947798
efficientnet,9,9,0.536658554295268,0.4085424442317148,0.19987696408347544,-0.07176085401992227,0.38565716138160333,0.1510013929136647,0.8756225460486442,0.8933305225434137
efficientnet,9,10,0.5527415845223769,0.40884333453785576,0.2225699694875712,-0.07867171950305007,0.38941145053643483,0.16333013398594215,0.8783828295870775,0.8954715539276397
efficientnet,9,11,0.5205280921384043,0.4108233083723912,0.17256216571094574,-0.06285738194493262,0.382685629202645,0.13784246293575927,0.8749703549500645,0.893323934754539
efficientnet,9,12,0.5248125118730407,0.43529981410132046,0.14056240139080042,-0.05104970361908023,0.4118770818522878,0.11293543002075299,0.8554046219926743,0.8701415057050252
efficientnet,9,13,0.5401351581726451,0.42697863709041867,0.1684314169175975,-0.05527489583537104,0.4076257801548588,0.13250937801778634,0.8642981369733063,0.8772563176895307
efficientnet,9,14,0.5492830214035707,0.40229239701032615,0.2240493929547339,-0.07705876856148941,0.38483003946968425,0.16445298193388636,0.8822696250230573,0.8976059975229913
efficientnet,9,15,0.5380376433584027,0.42115038282633316,0.17323377153575548,-0.05634651100368604,0.4021876369101259,0.13585000644827677,0.868257398086906,0.8801681203720783
efficientnet,9,16,0.5413524895695375,0.41346658498390965,0.21625635166922585,-0.08837044708359798,0.3828284987331984,0.15852399083633914,0.8749440037945664,0.8942330496192258
efficientnet,9,17,0.5551289000156535,0.40827172011449697,0.23741446461032534,-0.0905572847091688,0.3846989669518036,0.17042993306384996,0.880734670215289,0.8968418140135446
efficientnet,9,18,0.5221338340734125,0.4337413520793176,0.1360047106510931,-0.04761222865699821,0.4123452897721606,0.10978854430125186,0.8560238741468813,0.8702271469603943
efficientnet,9,19,0.5554248006433897,0.4028420488049622,0.23975540500367654,-0.08717265316524903,0.38328614320070215,0.17213865744268758,0.8837848164642019,0.8977509288782313
efficientnet,9,20,0.5517198556550488,0.40346520907688793,0.21682136436515106,-0.0685667177869902,0.390424944503724,0.16129491115132472,0.8806160900155473,0.8958734090489868
efficientnet,9,21,0.5379596688609908,0.4268446242327293,0.16992736246539786,-0.05881231783713636,0.4039743313486441,0.1339853375123467,0.8640807399404464,0.878718806819679
efficientnet,9,22,0.5400694608496107,0.41068972424241884,0.21058885764217058,-0.08120912103497868,0.38432392730147674,0.15574553354813409,0.8758333552926296,0.8938509578645023
efficientnet,9,23,0.5466043436039424,0.4018252515246178,0.2162030656992846,-0.07142397361996,0.38643783253611874,0.16016651106782362,0.882058815779072,0.8972173179793934
efficientnet,9,24,0.5060033719165486,0.43684134933809615,0.10100852011972236,-0.03184649754126989,0.41908272523496104,0.08692064668158768,0.85510817149332,0.8648383356610188
efficientnet,9,25,0.5397735151346494,0.41289637819876296,0.212254341721395,-0.08537720478550859,0.3840392424928436,0.15573427264180584,0.8751811641940499,0.8936796753537642
efficientnet,9,26,0.5337185315558162,0.40802879525969227,0.19458299976612303,-0.06889326346999913,0.3862714345409824,0.14744709701483366,0.8756093704708952,0.893323934754539
efficientnet,9,27,0.5410911446297137,0.413708433641208,0.2183425630596008,-0.09095985207109503,0.38202865660751806,0.15906248802219575,0.8752865688160425,0.8941342327861078
efficientnet,9,28,0.5445843085236578,0.41802868936965526,0.21635905244882955,-0.08980343329482698,0.38613056168952287,0.15845374683413485,0.8718411552346571,0.8920788426572506
efficientnet,9,29,0.5111170217739172,0.44290722808623423,0.10188698303234461,-0.033677189344661684,0.4232962349543692,0.08782078681954796,0.8515046509789455,0.861985823078342
efficientnet,10,0,0.5329162691091087,0.43012362234929163,0.1586386605369765,-0.055846013777159476,0.40579914060810895,0.12711712850099974,0.8616234946902422,0.8767095312129436
efficientnet,10,1,0.5348150818988667,0.41544899872745583,0.1976422105963424,-0.07827612742493151,0.3858109198580057,0.14900416204086106,0.8723220638224987,0.8913541858810509
efficientnet,10,2,0.5515161186246159,0.4086233812599623,0.22877793908826385,-0.08588520172361025,0.3833145654195479,0.16820155320506797,0.8799836622835912,0.895596721916256
efficientnet,10,3,0.5478724260836266,0.4063192379579544,0.2232782224236061,-0.08172503429793387,0.3836418603200559,0.16423056576357065,0.8803855174049383,0.895741653271496
efficientnet,10,4,0.5301518407037124,0.4227169825003884,0.15262130911183802,-0.04518645090851414,0.4056455597846407,0.1245062809190716,0.8650359693272551,0.8774341879891432
efficientnet,10,5,0.543342496843272,0.40722438097515345,0.21040741571312058,-0.0742892998450021,0.3852702637373336,0.1580722331059383,0.8786529289309335,0.8950631110174181
efficientnet,10,6,0.550710886094664,0.41571462336913656,0.22305390873227593,-0.08805764600674848,0.3867666605852817,0.16394422550938229,0.8753392711270389,0.8940815304751113
efficientnet,10,7,0.5172278500587809,0.4156004555583645,0.16240660193685919,-0.06077920743644272,0.3856893366905304,0.13153851336825037,0.8716501093572954,0.8907876360378404
efficientnet,10,8,0.5469138337529843,0.4040439693192314,0.2206001056593931,-0.0777302412256402,0.38329927519155726,0.163614558561427,0.8817228385464702,0.8963016153258321
efficientnet,10,9,0.5360009484444246,0.41607589316361737,0.20290821453965718,-0.08298315925884991,0.3839535313379009,0.15204741710652378,0.8725723997997312,0.8920656670795015
efficientnet,10,10,0.5490582926291845,0.4071128838051756,0.22871826818552396,-0.08677285936151502,0.3820204147306576,0.16703787789852692,0.8809520672481489,0.896532187936441
efficientnet,10,11,0.5424229408626766,0.4022709511230591,0.2061806110579932,-0.06602862131837572,0.385894578557632,0.1565283623050445,0.8807873725262851,0.8958668212601124
efficientnet,10,12,0.545492756761585,0.4035728298196767,0.21681938861821018,-0.07489946167630179,0.3843146491020578,0.16117810765952711,0.8815713194023558,0.895827294526865
efficientnet,10,13,0.5497913301140687,0.4099969864114803,0.22068255091064035,-0.08088820720805201,0.38680980267339427,0.1629815274406743,0.8780600279322248,0.894608553585075
efficientnet,10,14,0.5451873692680729,0.4087257628616643,0.21914202246489636,-0.08268041605848775,0.3834449694353273,0.16174239983274558,0.8792128909852697,0.8959590503043559
efficientnet,10,15,0.5512497674811507,0.4108724147462625,0.22962398404501203,-0.08924663131012378,0.3836282711883902,0.16762149629276057,0.8788373870194208,0.8954913172942633
efficientnet,10,16,0.5488700981591091,0.4076586092864751,0.22410709775182217,-0.08289560887918812,0.38381811352311473,0.16505198463599438,0.879871669872724,0.8959524625154813
efficientnet,10,17,0.5190727224835818,0.4171323185598679,0.16985499169532076,-0.06791458777160675,0.38406613686315033,0.13500658562043158,0.8723747661334951,0.8917494532135235
efficientnet,10,18,0.544833750882342,0.40268013199402963,0.21317843374569717,-0.07102481485738488,0.38438985108721,0.16044389979513193,0.8813539223694957,0.8959722258821048
efficientnet,10,19,0.5512809081787745,0.40887686041927135,0.23053093001440253,-0.0881268822548994,0.3826222396071633,0.1686586685716113,0.880128593638831,0.8957416532714959
efficientnet,10,20,0.5068016223246177,0.44071478354975263,0.09692914854277188,-0.030842309767906806,0.42266129437913225,0.08414032794548533,0.852071200822156,0.8620648765448365
efficientnet,10,21,0.5500950416332167,0.408001342552665,0.22525927979313162,-0.08316558071257996,0.384196502633825,0.16589853899939166,0.8795949827399931,0.8952673324725289
efficientnet,10,22,0.5236750073552134,0.422210734814137,0.17418531958404437,-0.072721047042968,0.3856871759681256,0.13798783138708798,0.8699899865609105,0.8900695670505152
efficientnet,10,23,0.5359698077468009,0.41793475312433714,0.2021189911493373,-0.08408393652687352,0.38461091345792126,0.15135889428887955,0.8712416664470736,0.8917823921578962
efficientnet,10,24,0.552202140133734,0.41100337823167893,0.227338238685088,-0.08613947678303291,0.3854812076800198,0.16672093245371422,0.8782576615984612,0.8946085535850747
efficientnet,10,25,0.5464123127421804,0.4089601493277658,0.22034847030982005,-0.0828963068954055,0.38380200075443505,0.16261031198774528,0.8790416084745317,0.8953068592057762
efficientnet,10,26,0.5479464576892676,0.408537436087815,0.21160097562004537,-0.07219195401859269,0.3886422488170687,0.15930420887219887,0.8774539513557669,0.8938509578645024
efficientnet,10,27,0.5332216566026208,0.4245240320980981,0.16109575390565686,-0.0523981294011342,0.4043972795479118,0.12882437705470903,0.8651874884713695,0.8780270889878521
efficientnet,10,28,0.5214523918056234,0.42011514146677653,0.1736815853814144,-0.07234433504256754,0.3842299499215324,0.13722244188409102,0.8711757885583282,0.8911302010593165
efficientnet,10,29,0.536598998000145,0.4291697684394491,0.16453555704069425,-0.05710632747999833,0.40545884339224597,0.1311401546078989,0.8627104798545415,0.8772563176895306
efficientnet,11,0,0.5318079327495301,0.41987908942229607,0.18909264321570887,-0.07716379988847488,0.38686151581916345,0.14494641693036653,0.8691928641070911,0.8894239637408101
efficientnet,11,1,0.5456988052353027,0.41288529891913167,0.21577697872475998,-0.08296347240858903,0.3841565323823477,0.1615422728529549,0.8764789586023348,0.8938180189201296
efficientnet,11,2,0.5437065553698789,0.40952870095772687,0.21507937296312163,-0.08090151855096961,0.38265274252780923,0.16105381284206954,0.8787122190308044,0.8945492634852038
efficientnet,11,3,0.5398377531476367,0.40723536962862233,0.20134080869973142,-0.06873842518071704,0.3854481461607107,0.15438960698692591,0.8779612110991069,0.8937389654536352
efficientnet,11,4,0.5439203830479165,0.4093388664062407,0.21351620860861897,-0.07893469196694314,0.38331139702800804,0.1606089860199084,0.8780797912988485,0.8941935228859785
efficientnet,11,5,0.5423508698798152,0.41382292005582777,0.21097203742991094,-0.08244408760592359,0.3839465696824072,0.15840430019740792,0.8758794698147514,0.8937784921868824
efficientnet,11,6,0.5415149098974558,0.40856542555299896,0.20936718616916328,-0.07641770182470642,0.3837662172307771,0.15774869266667865,0.8784487074758228,0.894404332129964
efficientnet,11,7,0.5186102818939142,0.4219977060162943,0.16299511894307345,-0.06638254306545355,0.3873155322655978,0.1312947496283164,0.8688700624522384,0.8890089330417139
efficientnet,11,8,0.5465362888307204,0.4148511442118853,0.21284195355122912,-0.08115680893239408,0.386810265859004,0.15972602297171637,0.8748517747503228,0.8924938733563466
efficientnet,11,9,0.5303593642983974,0.42826970263033665,0.15408760466338287,-0.05199794299532212,0.40563693249704474,0.12472243180135258,0.8626116630214234,0.8761561569474821
efficientnet,11,10,0.5426284948739171,0.40888755573484287,0.2103043414094826,-0.07656340227040836,0.3841896104358627,0.15843888443805437,0.8782247226540885,0.8939234235421223
efficientnet,11,11,0.5436782456447663,0.4112205669297418,0.21445364333372927,-0.08199596461870473,0.38339342263918263,0.1602848230055836,0.8777767530106195,0.8941474083638568
efficientnet,12,0,0.5392208237391043,0.4132779209892176,0.20253500336220548,-0.0765921006123188,0.38457318086443937,0.15464764287466495,0.8756423094152679,0.8925004611452212
maxvit,1,0,0.5354106837987038,0.5354106837987038,0.0,0.0,0.5354106837987038,1.0785234621654937e-17,0.7548255553506021,0.7548255553506021
maxvit,1,1,0.962692677537825,0.962692677537825,0.0,0.0,0.9626926775377926,1.857455386501931e-17,0.8230816358797333,0.8230750480908587
maxvit,1,2,0.6997127984184892,0.6997127984184892,0.0,0.0,0.6997127984184455,1.6793376807345994e-17,0.8689952304408548,0.8689952304408548
maxvit,1,3,0.8148458364297451,0.8148458364297451,0.0,0.0,0.8148458364297384,1.7361623679341877e-17,0.8489716461566841,0.8489716461566841
maxvit,1,4,1.0349141526541512,1.0349141526541512,0.0,0.0,1.0349141526540344,1.486950551962218e-17,0.8352921025586972,0.8352921025586971
maxvit,1,5,0.6416311458656638,0.6416311458656638,0.0,0.0,0.6416311458656645,1.994512700466178e-17,0.8432797965690795,0.8432797965690795
maxvit,1,6,0.8417504990005032,0.8417504990005032,0.0,0.0,0.8417504990004993,1.401661596782171e-17,0.8484545047300325,0.8484314474689715
maxvit,1,7,0.9121017421194981,0.9121017421194981,0.0,0.0,0.9121017421195008,1.6082503954526072e-17,0.848217344330549,0.8480262984531872
maxvit,1,8,0.6542084731812007,0.6542084731812007,0.0,0.0,0.6542084731812007,1.4915578702414343e-17,0.8554441487259217,0.8554441487259217
maxvit,1,9,0.6894537364627378,0.6894537364627378,0.0,0.0,0.6894537364627535,1.762274733019067e-17,0.8449926216764605,0.8449629766265251
maxvit,2,0,0.7831551076503493,0.5425632582574402,0.17710391593834676,0.06348793345456238,0.6470473027336602,0.13610780491667798,0.8667158554902632,0.870101978971778
maxvit,2,1,0.8282981677151242,0.6366708402778274,0.13270855619421132,0.05891877124308553,0.7211537994668378,0.10714436824829743,0.8600984215657856,0.8630629265593295
maxvit,2,2,0.8634737892746216,0.6437957448811824,0.18378260669094937,0.03589543770248982,0.7216009011765763,0.1418728880980567,0.8606452080423727,0.8674635695275238
maxvit,2,3,0.5885209148321838,0.46200504891698274,0.18906486387718927,-0.0625489979619882,0.4825778866148306,0.10594302821735302,0.8365964847558566,0.8463398245013045
maxvit,2,4,0.7490516806682643,0.4739489281288925,0.3142506166792062,-0.0391478641398344,0.5978737129287475,0.15117796773951686,0.8288228938838967,0.8349231863817228
maxvit,2,5,0.8021619117017444,0.6056376636303888,0.1144355038245425,0.08208874424681312,0.7172210297085375,0.08494088199319476,0.846553927639727,0.8467943819336478
maxvit,2,6,0.8084505753595128,0.6049552758602724,0.11583668788811213,0.0876586116111282,0.7186800904268029,0.0897704849327118,0.8554046219926743,0.8532438272418246
maxvit,2,7,0.6124322101307208,0.45055118188634846,0.23300387042312395,-0.07112284217875164,0.49136472787295,0.12106748225777032,0.8458720914912119,0.8521963688107723
maxvit,2,8,0.9248799945419481,0.674838345657837,0.16968164525809354,0.0803600036260177,0.7950339199996788,0.12984607454228694,0.8575258900102769,0.8586260507523255
maxvit,2,9,0.9373972098286616,0.6527096330872315,0.20337122845129588,0.08131634829013423,0.7836999425042733,0.15369726732438388,0.8536885029908561,0.8580660886979895
maxvit,2,10,0.7521497864462414,0.5668486755001554,0.13999062341539883,0.04531048753068723,0.6416065898615464,0.1105431965847078,0.8643146064454926,0.8661130728082426
maxvit,2,11,0.6885805913996035,0.4625408813923375,0.31378021330169015,-0.08774050329442418,0.5414772285578199,0.14710336284178294,0.8386979894068355,0.8534348731191862
maxvit,2,12,0.8059072702689937,0.6010122690348388,0.1426501683457955,0.06224483288835936,0.6975738549128377,0.10833341535611678,0.8701447995994624,0.8734090489867982
maxvit,2,13,0.6945832674406135,0.5650300706554436,0.09064318967758386,0.038910007107585964,0.6256307875558369,0.06895247988473725,0.8675195657329574,0.8714920024243064
maxvit,2,14,0.800777739291118,0.601525397450251,0.12417708650744062,0.0750752553334263,0.7092159730104579,0.09156176628065894,0.8580002108092439,0.8602202956599646
maxvit,2,15,0.676960635799845,0.49927779922646237,0.14672521689327708,0.030957619680105575,0.5632333557400289,0.1137272800598101,0.8788077419694853,0.8835081293314713
maxvit,2,16,0.776866443992581,0.5649255859849633,0.15005198258388264,0.061888875423735,0.6703082829978266,0.10655816099475227,0.8565377216790957,0.8625293156604917
maxvit,2,17,0.8445613129176759,0.5716792829007574,0.1686480341575353,0.1042339958593832,0.7200164295693557,0.12454488334832092,0.8625128461883053,0.8600490131492264
maxvit,2,18,0.6175617411085965,0.4406969410372837,0.2875939013885778,-0.11072910131726499,0.4769615179988934,0.14060022310970313,0.8540804764288913,0.8732311786871854
maxvit,2,19,0.8673134755363202,0.6184753904578623,0.16464277973905328,0.08419530533940467,0.7453417295769558,0.12197174595928915,0.8678258979156236,0.867173706817044
maxvit,2,20,0.9988034150959881,0.689921038265555,0.18348482667130445,0.12539755015912868,0.8638078972251086,0.13499551787082537,0.8470480118053177,0.847868191520198
maxvit,2,21,0.8382726492599075,0.5928696686546768,0.14928572509627128,0.09611725550895944,0.732298448928972,0.10597420033092421,0.8523676513215105,0.8539289572847769
maxvit,2,22,0.831202737978157,0.5974896585360595,0.17740764640922083,0.05630543303287672,0.7002326343064678,0.13097010367169257,0.8636327702969775,0.8663337637355398
maxvit,2,23,0.6706719721420765,0.5119900188877479,0.11822937252798794,0.040452580726340726,0.584417708981733,0.08625426316034482,0.8706553532372395,0.8752338665050463
maxvit,2,24,0.6479198095234322,0.5460271917120363,0.07131485655106476,0.030577761260331182,0.5896512330645113,0.058268576458919086,0.8601741811378428,0.8618408917231022
maxvit,2,25,0.9022215882691641,0.6987972520883186,0.13213211819947926,0.07129221798136631,0.8013223857759211,0.10089920249324207,0.847028248438694,0.8509479828190467
maxvit,2,26,0.7707316487094962,0.6014710726983789,0.134024769865871,0.03523580614524635,0.670626883691045,0.10010476501841119,0.8681058789427917,0.8733234077314289
maxvit,2,27,0.8769261205600007,0.6457739677716929,0.17370722766545144,0.05744492512285637,0.7509492388665417,0.12597688169345936,0.8583032490974729,0.8650194998550687
maxvit,2,28,0.7282384911477044,0.5783947535560825,0.10308815293868358,0.04675558465293839,0.6510492055118782,0.0771892856358251,0.8571997944609872,0.8601675933489683
maxvit,2,29,0.5948095784899523,0.4580717680994953,0.2103925507472991,-0.07365474035684205,0.4761474519693261,0.11866212652062606,0.8409312498353053,0.8574270731771589
maxvit,3,0,0.882242897730713,0.5747310350913218,0.20464173270899613,0.10287012993039502,0.7315823132216694,0.15066058450902695,0.8678456612822472,0.8712284908693246
maxvit,3,1,0.8436243749452851,0.5309778434188505,0.20557461213162265,0.10707191939481198,0.689588355704142,0.15403601924116853,0.8661262483859917,0.86604390102506
maxvit,3,2,0.7346707904369906,0.524736502043707,0.15990209259303853,0.05003219580024498,0.608985650627754,0.12568513980927357,0.8723418271891222,0.876604126590951
maxvit,3,3,0.7477288748159666,0.5083096019914405,0.16462327771797672,0.07479599510654944,0.6239775527129202,0.123751322103073,0.865072202166065,0.8671341800837966
maxvit,3,4,0.8054671050039937,0.5401973222664334,0.1976603781273297,0.06760940461023057,0.6510541470655822,0.1544129579384192,0.8664292866742207,0.8711263801417692
maxvit,3,5,0.71232205412698,0.44298959485798095,0.3020087143558102,-0.03267625508681116,0.5550995326932849,0.15722252143369328,0.856820996600701,0.8625326095549289
maxvit,3,6,0.8388085218409956,0.547073789580398,0.20720691364211427,0.08452781861848335,0.6805046394563061,0.1583038823846869,0.8584679438193366,0.8634021976863685
maxvit,3,7,0.8257504374620197,0.5636247612261709,0.18993606502393512,0.0721896112119137,0.6799461664532485,0.14580427100877427,0.8662711797412317,0.8701612690716489
maxvit,3,8,0.7541194207826489,0.44335927107693657,0.35508225816285066,-0.044322108457138354,0.5605356203184182,0.19358380046423218,0.8557801259585233,0.8683891538643969
maxvit,3,9,0.8195505499065097,0.5578766630266109,0.16820422746122943,0.09346965941866936,0.6869192583574883,0.13263129154901634,0.8612941052465151,0.8623810904108146
maxvit,3,10,0.8346561540883656,0.5432419926081541,0.19368754891965081,0.0977266125605607,0.6818827038870521,0.15277345020132088,0.8671638251337321,0.8668871380010015
maxvit,3,11,0.6833231062156461,0.4270901832395554,0.310788604010824,-0.054555681034733294,0.5164364715107989,0.16688663470484677,0.8665709241350232,0.877065271812169
maxvit,3,12,0.6769325602489635,0.4896911654497447,0.13560227150753154,0.051639123291687294,0.5731575402265914,0.10377502002237234,0.872071727845266,0.8747793090727028
maxvit,3,13,0.6922913270725655,0.4310025584746263,0.3212392440833402,-0.059950475485401,0.5252512469178715,0.16704008015469746,0.8648976257608896,0.8753853856491606
maxvit,3,14,0.7291856992664222,0.439358005833798,0.31072039221084197,-0.020892698778217755,0.5549521001004606,0.1742335991659616,0.8583032490974729,0.8559645840470105
maxvit,3,15,0.6651841391551179,0.47422549654714924,0.1489283976936761,0.042030244914292525,0.5471926169629726,0.11799152219214055,0.8766634166908219,0.8805699754934253
maxvit,3,16,0.677123218660136,0.43846253734120805,0.2872919592377332,-0.04863127791880528,0.5154735889717955,0.16164962968834068,0.8586919286410708,0.8675327413107065
maxvit,3,17,0.8628823468797711,0.5505694060207953,0.2012346108531482,0.11107833000582756,0.7174484244855035,0.14543392239425934,0.8589521463016154,0.8634153732641175
maxvit,3,18,0.7984944623285551,0.5311590721113458,0.19376934482756936,0.07356604538963996,0.6544822379332486,0.14401222439533326,0.8628619989986561,0.8679477720098028
maxvit,3,19,0.7157417414455637,0.43574917775767286,0.33387028349107584,-0.05387771980318501,0.5432008812341431,0.17254086021142412,0.8632375029645049,0.8744301562623522
maxvit,3,20,0.8562326925165822,0.5695347023141482,0.21605048785922804,0.07064750234320605,0.6929218287933134,0.16331086372327613,0.8651776067880577,0.8712054336082637
maxvit,3,21,0.9206205770677981,0.6051387608830482,0.22580096090615423,0.0896808552785957,0.7476586469417467,0.1729619301260452,0.8600720704102874,0.8659911987140636
maxvit,3,22,0.8153581074679974,0.561279603067679,0.15956865238346757,0.0945098520168508,0.6918199003989354,0.12353820706905715,0.8564125536904793,0.8576708213655169
maxvit,3,23,0.6221651887090351,0.4353736244046232,0.22745812103823082,-0.040666556733818915,0.4908895926759213,0.1312755960331144,0.8591728372289126,0.8627697699544126
maxvit,3,24,0.804025111817786,0.458526649012449,0.3652918427827904,-0.01979337997745334,0.6227265480009604,0.18129856381682655,0.8479373633033809,0.8576181190545206
maxvit,3,25,0.7035618184922031,0.5236014840256188,0.12083342684165083,0.059126907624933556,0.6068217218263181,0.09674009666588206,0.8655234657039712,0.8670452449339904
maxvit,3,26,0.6963811905946219,0.44632933047510387,0.2954964872084902,-0.045444627088972234,0.5343427728414878,0.16203841775313446,0.8530988958865846,0.8634746633639885
maxvit,3,27,0.9464524430641598,0.6075797262653475,0.21184676122510143,0.12702595557371088,0.7877186685934254,0.15873377447074213,0.8556417823921578,0.8574665999104061
maxvit,3,28,0.806389886611078,0.5670585008954016,0.14995319742303623,0.08937818829264021,0.6906600245915031,0.11572986201957426,0.8567814698674536,0.8569659279559408
maxvit,3,29,0.7359804537221208,0.49813509995807403,0.17673272947148655,0.06111262429256026,0.5988620257276317,0.13711842799448265,0.8680465888429207,0.8715051780020555
maxvit,4,0,0.8635209531218463,0.5452219720858132,0.2086489364525063,0.10965004458352678,0.7019313109978963,0.16158964212395205,0.8597723260164959,0.861439036601755
maxvit,4,1,0.6615240348188284,0.4355481258469962,0.2340130894942214,-0.00803718052238922,0.5213267776804966,0.14019725713833137,0.8638172283854648,0.8678423673878101
maxvit,4,2,0.766103394159307,0.4364607876825102,0.3315949512002041,-0.0019523447234073288,0.5653738194582897,0.20072957470101704,0.8629015257319035,0.8679214208543045
maxvit,4,3,0.7405177651916091,0.4256538163226438,0.33460243285317465,-0.01973848398420941,0.5480096903386645,0.19250807485294447,0.8705762997707449,0.8786924556641809
maxvit,4,4,0.7712342808621008,0.48998064578163075,0.19668643295830213,0.08456720212216784,0.6218372354033463,0.1493970454587591,0.868777833407995,0.8707936968036049
maxvit,4,5,0.6770615162819021,0.42847108859962013,0.26404948133301576,-0.015459053650733745,0.5214795492222175,0.1555819670596844,0.8648976257608898,0.8674339244775883
maxvit,4,6,0.8612798140275445,0.45201263650517076,0.3789791042537238,0.030288073268650018,0.6479895540016064,0.21329026002593973,0.8557010724920289,0.8621109910669583
maxvit,4,7,0.7750706988962982,0.5210574962262227,0.16891110937813428,0.0851020932919413,0.6402968866756364,0.13477381222066265,0.8632704419088777,0.8639950986850773
maxvit,4,8,0.8233616123097102,0.5106148412687052,0.19907599646553326,0.11367077457547181,0.6671769923921201,0.15618461991758806,0.8636722970302249,0.8628554112097815
maxvit,4,9,0.8046141573253154,0.48374848981873925,0.22375992831567335,0.09710573919090282,0.6280724240274093,0.17654173329790457,0.8709715671032175,0.8700229255052834
maxvit,4,10,0.7130061582340547,0.4234895288267996,0.30590391675499023,-0.016387287347735202,0.5281339426499173,0.18487221558413847,0.8710045060475902,0.8756752483596406
maxvit,4,11,0.8159902386346375,0.5050023156019133,0.22234681168442563,0.08864111134829855,0.6440609908688634,0.17192924776576482,0.8717093994571663,0.8738043163192706
maxvit,4,12,0.777479475468629,0.4306848710332315,0.3567982653319494,-0.010003660896551803,0.5712508421373745,0.20622863333125707,0.8678226040211864,0.8741205301852486
maxvit,4,13,0.6802058481107864,0.4241585417503505,0.2798820414685312,-0.023834735108095195,0.5104968402321823,0.16970900787859836,0.8681783446204117,0.8732641176315581
maxvit,4,14,0.7025995634737747,0.47826225177933723,0.1662422716030249,0.05809504009141264,0.5694802422847696,0.1331193211890035,0.8761693325252313,0.8792919444517644
maxvit,4,15,0.7670728807083491,0.49253877390802586,0.20527812290689765,0.06925598389342558,0.6083212365480188,0.15875164416031212,0.8734321062478589,0.8792326543518934
maxvit,4,16,0.782864946391815,0.5014009477172835,0.19628952130772803,0.0851744773668035,0.6265912474948893,0.1562736988969253,0.8741468813407468,0.8750955229386809
maxvit,4,17,0.7446791653453607,0.4339943014114319,0.32036699136157026,-0.009682127427641407,0.5634950903184924,0.18118407502687875,0.8638699306964611,0.8696013070173125
maxvit,4,18,0.8378820254479166,0.487502062050706,0.2369067293433102,0.11347323405390031,0.6534246644728168,0.18445736097509563,0.8744729768900367,0.8731916519539381
maxvit,4,19,0.7472439308342986,0.43055014504792793,0.3378324386217096,-0.02113865283533889,0.5602397202321341,0.187004210602168,0.86784236738781,0.8774803025112651
maxvit,4,20,0.9311386021853049,0.5647646147095458,0.25250666696068746,0.11386732051507165,0.7366689421609136,0.19446966002437466,0.8616630214234895,0.8657869772589528
maxvit,4,21,0.7567004546870659,0.4434984344280015,0.30803956819523687,0.005162452063827594,0.5780272422134446,0.17867321247362034,0.8582176078421039,0.8643113125510553
maxvit,4,22,0.7494850699286004,0.49498477819686043,0.18203845811863575,0.07246183361310421,0.6063651456024294,0.1431199243261531,0.8727173311549712,0.8763142638804712
maxvit,4,23,0.8847675319027422,0.5344955937526727,0.23607136122307412,0.11420057692699526,0.7067048095427162,0.17806272236003223,0.8678884819099317,0.8693114443068329
maxvit,4,24,0.7091697401998572,0.4282946897075686,0.2947649681699243,-0.0138899176776357,0.5440286522403398,0.16514108795952043,0.8679148330654299,0.8745948509842156
maxvit,4,25,0.8575993849099541,0.5241367414226437,0.22465317586978695,0.10880946761752353,0.6929187164688986,0.1646806684410739,0.8635767740915439,0.8674668634219611
maxvit,4,26,0.7760271903371125,0.4359671400685051,0.3491878355013867,-0.00912778523277935,0.5771270614814286,0.19890012885568087,0.8636854726079739,0.87165669714617
maxvit,4,27,0.8426883479597568,0.516222247953554,0.23166269409117834,0.09480340591502445,0.6624688381426195,0.18021950981713677,0.867051832722865,0.870042688871907
maxvit,4,28,0.7749147099796911,0.43516488009768894,0.335334324780848,0.004415505101154182,0.5768415503085687,0.1980731596711204,0.8638633429075865,0.8656486336925875
maxvit,4,29,0.7955348442477106,0.44035131303243563,0.35199803579327504,0.003185495421999862,0.6041850648417082,0.1913497794060086,0.8634087854752432,0.8718082162902843
maxvit,5,0,0.7903336801750039,0.4301696468776575,0.34402142435555605,0.016142608941790315,0.5856871155918669,0.2046465645831362,0.8689095891854859,0.8749769427389391
maxvit,5,1,0.8457047728147412,0.49639635197979404,0.2341955519377696,0.11511286889717753,0.6666954981456452,0.17900927466908415,0.8723681783446204,0.8713865978023135
maxvit,5,2,0.8185893227063591,0.4975226293912865,0.22422918147377563,0.09683751184129696,0.645435620060269,0.17315370264608687,0.8682244591425334,0.8710045060475903
maxvit,5,3,0.6691617875387605,0.4208558311697488,0.2557859376444536,-0.007479981275441805,0.5071950973161481,0.161966690222611,0.8730928351208199,0.8794302880181296
maxvit,5,4,0.742448186811769,0.4662341530849469,0.20095896533245847,0.07525506839436369,0.582134534414652,0.16031365239712148,0.8748978892724446,0.8759651110701204
maxvit,5,5,0.7885136624478006,0.46415948125073475,0.22832925160348175,0.09602492959358411,0.6139788074382325,0.17453485500955226,0.8765975388020766,0.8775922949221322
maxvit,5,6,0.8355865857310759,0.5071270397646916,0.22476317047724242,0.1036963754891419,0.6664369381802456,0.16914964755079928,0.8715479986297398,0.8741534691296213
maxvit,5,7,0.7830257264029876,0.512101323599882,0.1801325211510413,0.09079188165206431,0.6373698369325778,0.14565588947041264,0.8666631531792669,0.8670123059896176
maxvit,5,8,0.6745427200529122,0.41920955629331136,0.26697130311497635,-0.011638139355375499,0.5060060380387429,0.16853668201416813,0.872934728187831,0.87892302827479
maxvit,5,9,0.8148961622819346,0.43563006016180666,0.3464945640765783,0.0327715380435496,0.6101541388572808,0.20474202342465392,0.8667553822235106,0.8698187040501726
maxvit,5,10,0.7082956738797914,0.4172563995874002,0.28930172349401695,0.0017375507983743432,0.5239697229799185,0.18432595089987,0.8749110648501937,0.8767951724683128
maxvit,5,11,0.8041450276830939,0.48846389567263354,0.22126233039558477,0.09441880161487559,0.630866474537253,0.17327855314584123,0.8690347571741021,0.8696210703839362
maxvit,5,12,0.7516634469059302,0.4274211685460665,0.3189813508025937,0.005260927557270034,0.5535364532665412,0.19812699363938774,0.8691335740072202,0.8751152863053044
maxvit,5,13,0.768830686645903,0.43045522425169525,0.30645261789791595,0.0319228444962919,0.5826998398523096,0.18613084679359587,0.8675063901552083,0.866920076945374
maxvit,5,14,0.8848534414319417,0.518040133714319,0.2579497326156001,0.10886357510202249,0.6878046645387298,0.19704877689321482,0.8703720783156341,0.873712087275027
maxvit,5,15,0.7387550263873444,0.42407247587185953,0.30533122954179837,0.009351320973686406,0.5495951228147408,0.18915990357260123,0.8708332235368521,0.8750559962054336
maxvit,5,16,0.7740693674245354,0.46162569102176365,0.22397721674534568,0.08846645965742606,0.5989107061119784,0.1751586613125601,0.8764196685024639,0.8775593559777597
maxvit,5,17,0.8346043801906472,0.5124754609217479,0.22610395858918161,0.09602496067971766,0.6592943258427671,0.1753100543478836,0.8664391683575323,0.869654009328309
maxvit,5,18,0.7672695700344085,0.4252562119711576,0.33426305388771393,0.007750304175537015,0.5653289200867023,0.2019406499477048,0.8719202087011516,0.87705209623442
maxvit,5,19,0.7240695614494214,0.4278282675589929,0.2902240725938827,0.006017221296545805,0.5476903579348292,0.1763792035145901,0.867453687844212,0.8708529869034758
maxvit,5,20,0.8173500803951683,0.4425618159482261,0.33576828805092945,0.039019976396012845,0.6143685130181669,0.20298156737700207,0.8613665709241349,0.8647790455611479
maxvit,5,21,0.7587124995622376,0.42652688667766797,0.3204907140890003,0.011694898795569397,0.5644561384872206,0.19425636107501182,0.8696605971171836,0.8736396215974072
maxvit,5,22,0.7616672389428921,0.4809503774724347,0.1984551061303925,0.08226175534006497,0.6058614150473288,0.1558058238955638,0.8721079606840759,0.873323407731429
maxvit,5,23,0.7946420569135527,0.49749498113857366,0.20954001013297524,0.08760706564200382,0.6271368150203958,0.16750524189314897,0.8739360720967615,0.8752272787161718
maxvit,5,24,0.7333740938731927,0.4244195095987015,0.2943925937422453,0.014561990532245939,0.5494920284160747,0.1838820654571192,0.871999262167646,0.8758597064481277
maxvit,5,25,0.8027261628071187,0.4386559018526099,0.33169690260328505,0.03237335835122379,0.6104137268008558,0.19231243600626485,0.8640609765738227,0.868013649898548
maxvit,5,26,0.7980781805672154,0.4723102085983697,0.22656846494857513,0.09919950702027058,0.6232385811817228,0.17483959938546836,0.8765678937521411,0.8773485467337743
maxvit,5,27,0.8032798317713695,0.4437073988318262,0.31627804852616226,0.04329438441338107,0.6138611144411307,0.18941871733023852,0.8606221507813117,0.8619265329784711
maxvit,5,28,0.7993970426841175,0.43116085059739073,0.3450921376954018,0.023144054391324942,0.5951384571955721,0.20425858548854348,0.8687910089857441,0.8751877519829244
maxvit,5,29,0.7915729224861947,0.4897190020982206,0.21847291817070302,0.08338100221727107,0.6224712098011196,0.16910171268508753,0.8750658778887455,0.8788966771192918
maxvit,6,0,0.7537934651549948,0.4329125018083656,0.2871731902612223,0.033707773085406845,0.5696128682733831,0.18418059688161062,0.867941184220928,0.8706882921816123
maxvit,6,1,0.8293872485955699,0.43645502571008993,0.3371920781713032,0.055740144714176765,0.6215850697692338,0.207802178826341,0.8666368020237689,0.8686526654193786
maxvit,6,2,0.7463298326729512,0.42266228012660995,0.3047720644404257,0.01889548810591546,0.5528596311315453,0.1934702015414031,0.8732575298426837,0.8774341879891434
maxvit,6,3,0.768678847602029,0.46419110106114025,0.22605323314326733,0.07843451339762142,0.5906115891233692,0.17806725847870544,0.8787122190308045,0.8809257160926507
maxvit,6,4,0.8032606790868405,0.47581928384058736,0.2251073063639942,0.10233408888225892,0.6326947477554238,0.17056593133144207,0.8732575298426836,0.8748254235948246
maxvit,6,5,0.8013341806811791,0.474972214108204,0.22327566334774795,0.10308630322522716,0.6240882461080836,0.17724593457309334,0.874561912039843,0.8739031331523888
maxvit,6,6,0.7260540343047835,0.4182332584385974,0.2844041153453883,0.023416660520797827,0.539993419273791,0.18606061503099397,0.875609370470895,0.8770191572900472
maxvit,6,7,0.805818291109639,0.4707248015871926,0.2291068069718648,0.10598668255058152,0.6262470132240711,0.17957127788557328,0.8741666447073705,0.8735473925531634
maxvit,6,8,0.7579658702505658,0.4319260340592719,0.29623474842455094,0.029805087766743066,0.5660487645154507,0.19191710573511367,0.86748003899971,0.8709518037365939
maxvit,6,9,0.8104126062359955,0.4804860494194076,0.2284409469015654,0.10148560991502253,0.6327224074844481,0.17769019875155367,0.8704445439932542,0.8712284908693246
maxvit,6,10,0.8116925016565618,0.47367007496643654,0.22769342815146887,0.11032899853865641,0.6365956263585743,0.17509687529796966,0.8734419879311708,0.8721639568895097
maxvit,6,11,0.8308813413251044,0.48488531896801107,0.22565877558882846,0.12033724676826485,0.6557753735238169,0.17510596780130178,0.8686131386861313,0.8679543597986772
maxvit,6,12,0.7901598125261738,0.4343403168001719,0.3126673328710743,0.043152162854927734,0.5892369036563531,0.200922908869821,0.8672033518669793,0.868474795119766
maxvit,6,13,0.8158336546368461,0.469168491738235,0.23469239077162984,0.1119727721269812,0.6327721342611314,0.18306152037572915,0.8718213918680333,0.8706224142928667
maxvit,6,14,0.7867396561389931,0.47373908678097315,0.22557040833519051,0.08743016102282941,0.6103788541568216,0.17636080198217288,0.8739788927244461,0.8760902790587368
maxvit,6,15,0.7713928828884167,0.43111046406790404,0.30461066256930164,0.035671756251210995,0.5785813686704309,0.19281151421799309,0.8678621307544336,0.8709715671032175
maxvit,6,16,0.8447027697308597,0.4803578967028067,0.24890887612774698,0.11543599690030593,0.6485758108902785,0.1961269588405788,0.8726514532662257,0.8717291628237898
maxvit,6,17,0.7888358773582492,0.4672298679830937,0.2340932437118057,0.08751276566334987,0.6031367200103664,0.18569915734787598,0.8777174629107487,0.8782510738095864
maxvit,6,18,0.7796830581954244,0.42432396620718205,0.33029997308532394,0.025059118902918343,0.5751495889695618,0.2045334692258643,0.8724274684444913,0.877770165221745
maxvit,6,19,0.7881148807651455,0.4275464323589061,0.3237171379141649,0.03685131049207446,0.5829428252978534,0.20517205546728837,0.8710703839363356,0.8735473925531634
maxvit,6,20,0.8052074992144321,0.4408396452067118,0.3068964708865192,0.05747138312120115,0.6127802695222254,0.19242722969220394,0.8639160452185828,0.8656881604258347
maxvit,6,21,0.8321297941808541,0.4889796041700973,0.2385076006278557,0.10464258938290105,0.6499274174532276,0.1822023767275956,0.873929484307887,0.8763208516693457
maxvit,6,22,0.8224495187553833,0.4816036081895858,0.23377880190704126,0.10706710865875624,0.6436288893751316,0.17882062938026225,0.8705499486152468,0.8719926743787715
maxvit,6,23,0.7771106701717501,0.47578086011689263,0.2161506994521104,0.08517911060274708,0.6045640992065896,0.17254657096514964,0.8752898627104799,0.8765514242799547
maxvit,6,24,0.7124260467380513,0.4220185675885317,0.27803271286666137,0.012374766282858274,0.5321419189523857,0.18028412778565955,0.8717159872460407,0.8746673166618356
maxvit,6,25,0.7674303947462793,0.4763114302863774,0.19634893799482683,0.09477002646507504,0.6101749989886801,0.15725539575760597,0.8715578803130517,0.8708463991146012
maxvit,6,26,0.7488792160382797,0.42072731189495743,0.30594948375744974,0.0222024203858725,0.5576943703476881,0.1911848456905908,0.8739558354633851,0.8790613718411553
maxvit,6,27,0.7870513614718817,0.4735839004081066,0.21762531308411748,0.09584214797965762,0.6184503126837099,0.1686010487881982,0.8744235684734776,0.8752733932382935
maxvit,6,28,0.813177930980611,0.43399494926274346,0.3220563392903911,0.05712664242747645,0.6121764444201754,0.2010014865604307,0.8676776726659464,0.867381222166592
maxvit,6,29,0.7301205150579922,0.4243166629261091,0.28642824537447126,0.0193756067574119,0.5447239396346945,0.18539657542330076,0.8730401328098236,0.8770982107565417
maxvit,7,0,0.801983766305659,0.42529979706535703,0.3271983163930956,0.04948565284720641,0.58757889971892,0.2144048665867378,0.8737450262193998,0.8765843632243273
maxvit,7,1,0.7106098684066853,0.4156538907779563,0.27638116676607666,0.018574810862652336,0.5277919470691157,0.18281792133756403,0.8768346992015601,0.8802537616274473
maxvit,7,2,0.7729233783614591,0.42423770322483745,0.3042634821646975,0.04442219297192418,0.5713251188132188,0.20159825954824043,0.8726975677883475,0.8743115760626103
maxvit,7,3,0.7683801473096166,0.4257400910473191,0.2955478498464966,0.04709220641580081,0.5749008033867892,0.19347934392282712,0.8721310179451369,0.8731982397428126
maxvit,7,4,0.7840706091675153,0.4219898135654995,0.3177001116177291,0.04438068398428663,0.5755366812078508,0.20853392795966486,0.8751152863053044,0.8760507523254896
maxvit,7,5,0.7880977300853106,0.4670252377218581,0.2256253350678347,0.09544715729561781,0.6092216028686506,0.1788761272166489,0.8737318506416506,0.8736330338085325
maxvit,7,6,0.8239899166862352,0.4686093700034853,0.2511262143688589,0.10425433231389103,0.6266423205460117,0.1973475961402177,0.876749057946191,0.8770059817122982
maxvit,7,7,0.7649963940456781,0.4255719543802717,0.297938976095804,0.041485463569602476,0.5761389256377194,0.1888574684079571,0.8718213918680333,0.8750889351498063
maxvit,7,8,0.7764089332927809,0.4296253919659063,0.30392866915569444,0.042854872171180225,0.5778222217477528,0.19858671154502774,0.8697791773169254,0.873553980342038
maxvit,7,9,0.7278873224834455,0.41729462150817875,0.283292458945616,0.027300242029650645,0.5381802654361451,0.1897070570473026,0.876360378402593,0.8778821576326123
maxvit,7,10,0.7678066300021655,0.4563964483596294,0.22461685479264784,0.08679332684988827,0.5892321518659478,0.17857447813622113,0.8775461804000104,0.8782049592874648
maxvit,7,11,0.7425821006898864,0.41990339657786285,0.28570113784171786,0.036977566270305684,0.5527452712453081,0.1898368294445822,0.8750428206276846,0.8768412869904345
maxvit,7,12,0.7599613564340301,0.42240667490771006,0.30510124022069285,0.032453441305627106,0.5629122086937498,0.1970491477402758,0.8733958734090489,0.8776318216553797
maxvit,7,13,0.8049157015643983,0.47084625943880354,0.23426242790073118,0.0998070142248636,0.6248152820953651,0.18010041946905062,0.8748583625391974,0.8765580120688293
maxvit,7,14,0.7901368276721544,0.43102298681028967,0.30513578321472784,0.05397805764713692,0.5929089126482285,0.19722791502392673,0.870101978971778,0.8726382776884767
maxvit,7,15,0.7270574452654361,0.4206381476055708,0.2788458212793926,0.027573476380472695,0.5411631884981877,0.18589425676724897,0.8738240796858943,0.8765250731244565
maxvit,7,16,0.8156925377501174,0.469209499784696,0.23799389770214277,0.1084891402632786,0.6276821033412375,0.18801043440888598,0.8731784763761891,0.8722298347782551
maxvit,7,17,0.7975299105939352,0.4333890947982064,0.310830942460125,0.053309873335603775,0.5944611819106688,0.20306872868326592,0.868316688186777,0.870444543993254
maxvit,7,18,0.8210016412539046,0.46512028373034275,0.24867771527535165,0.10720364224821022,0.6290313119459457,0.19197032930795258,0.8748847136946956,0.8759189965479985
maxvit,7,19,0.7067663451822913,0.41541517183773313,0.27212098438450405,0.01923018896005413,0.5243194941906838,0.1824468509916032,0.877539592611136,0.8814725025692376
maxvit,7,20,0.7847063122288988,0.4228879231376161,0.3217251230781611,0.040093266013121576,0.5775387107696486,0.20716760145926172,0.8738174918970197,0.8784025929537009
maxvit,7,21,0.8139397390978074,0.470994966478008,0.2385422153429068,0.10440255727689263,0.6256922557479276,0.18824748334987307,0.8759453477034969,0.8755039658489026
maxvit,7,22,0.7657230526429694,0.4291782818195762,0.2863916187017762,0.05015315212161697,0.577259360759234,0.18846369188373416,0.8696276581728108,0.8691731007404674
maxvit,7,23,0.7335580631564774,0.41942201501672455,0.2857002124673036,0.02843583567244934,0.5478764667074636,0.18568159644901194,0.8749176526390683,0.8786595167198081
maxvit,7,24,0.754652252930243,0.42550136924093324,0.29058384416512534,0.03856703952418439,0.5619621924616099,0.19269006046863227,0.8724077050778678,0.8739228965190124
maxvit,7,25,0.8204781053437272,0.4370815974197164,0.32045001308257587,0.062946494841435,0.6142256398091439,0.20625246553458265,0.8661361300693036,0.8694761390286965
maxvit,7,26,0.7243109752586703,0.4203241580012777,0.27544627718916354,0.028540540068229037,0.5408106547346347,0.18350032052403592,0.8752141031384227,0.8780732035099739
maxvit,7,27,0.7671886329223624,0.42673363244394796,0.29731280528299936,0.04314219519541507,0.5716242953639797,0.19556433755838587,0.8721112545785132,0.8736791483306544
maxvit,7,28,0.806712462609475,0.4665190261313712,0.24337827084038885,0.09681516563771497,0.6179051588397761,0.18880730376972343,0.8775988827110071,0.8785672876755646
maxvit,7,29,0.8025649482055833,0.4324184019013751,0.31204157998716453,0.05810496631704376,0.6025282328943125,0.2000367153112799,0.8684682073308916,0.8694761390286965
maxvit,8,0,0.7806573060061908,0.4269113720585308,0.2957184485312212,0.05802748541643876,0.5799914810094152,0.20066582499677216,0.8728886136657091,0.8728820258768348
maxvit,8,1,0.8045581531550086,0.45757502891042173,0.2438554303140116,0.10312769393057519,0.6150360408157106,0.18952211233930777,0.8762154470473531,0.8759782866478696
maxvit,8,2,0.8246378235610767,0.4699462742597961,0.246484344412597,0.10820720488868363,0.6342224246264186,0.1904153989346521,0.8738240796858943,0.8749967061055628
maxvit,8,3,0.8056722251480456,0.427601085784303,0.3140703813895863,0.06400075797415627,0.5957520635920799,0.20992016155596327,0.8722034836227568,0.8732114153205619
maxvit,8,4,0.7840203888275354,0.4275063952071403,0.2991433981849206,0.057370595435474625,0.5840154404165226,0.20000494841100783,0.871683048301668,0.8718082162902844
maxvit,8,5,0.8069546078925145,0.42620938674580794,0.321529175521678,0.05921604562502858,0.5937216367534338,0.2132329711390748,0.873323407731429,0.876373553980342
maxvit,8,6,0.7863453466608518,0.4255041348247416,0.3044391087051165,0.0564021031309937,0.5838282629279229,0.20251708373293215,0.8735605681309127,0.8751877519829244
maxvit,8,7,0.7996944013234113,0.4325538557593668,0.3040828882935354,0.06305765727050905,0.5957762979393757,0.2039181033840324,0.8696078948061872,0.8719531476455243
maxvit,8,8,0.8041000592336035,0.43052987670151255,0.30755170687393907,0.06601847565815189,0.6009130665003796,0.20318699273322516,0.8700097499275343,0.8711692007694538
maxvit,8,9,0.8113602658027067,0.4274383370818976,0.31969862216286526,0.06422330655794384,0.6020697425416333,0.20929052326107234,0.8729479037655801,0.8749835305278135
maxvit,8,10,0.7924011649437894,0.4617348461879165,0.22990483555013308,0.10076148320573985,0.6103382537520168,0.1820629111917548,0.8759255843368732,0.8752799810271681
maxvit,8,11,0.7731457833607853,0.42775208614545196,0.2905051104517791,0.05488858676355424,0.5773963815826384,0.19574940177815298,0.8728754380879603,0.8745750876175922
maxvit,8,12,0.7662656762547837,0.4212065279624288,0.2969383026177199,0.04812084567463493,0.5663499667041395,0.19991570955064644,0.8755105536377771,0.8758597064481278
maxvit,8,13,0.7387571367267329,0.4181192128163013,0.2811946318191006,0.03944329209133102,0.5466914048502357,0.19206573187649625,0.8768412869904345,0.8779941500434794
maxvit,8,14,0.7477848211162738,0.41990158378896747,0.2874931208687608,0.04039011645854551,0.5539892998515425,0.1937955212647315,0.8762945005138476,0.8786265777754355
maxvit,8,15,0.7879175125752939,0.4218688796074435,0.3115884536530258,0.05446017931482461,0.5780905392525073,0.20982697332278058,0.8759255843368732,0.8769598671901762
maxvit,8,16,0.8053824419780724,0.4295304932685557,0.31477251608373535,0.061079432625781305,0.5989836009894793,0.2063988409885959,0.8713470710690664,0.8747661334949537
maxvit,8,17,0.7819396887506596,0.42489510675377107,0.3044696605703845,0.052574921426503995,0.5769746964873981,0.20496499226326717,0.8745223853065958,0.8764526074468366
maxvit,8,18,0.7718634006163163,0.4288204630847366,0.28272510055848704,0.060317836973092676,0.5810711337943368,0.19079226682197548,0.8709583915254684,0.8707146433371103
maxvit,8,19,0.7912805953966386,0.42306957209324114,0.3143815596365988,0.05382946366679864,0.5828041338341929,0.20847646156244665,0.8751416374608026,0.8760375767477402
maxvit,8,20,0.7299632313368586,0.42052546161189974,0.2672750680914223,0.042162701633536526,0.548048770983017,0.1819144603538412,0.8751943397717992,0.8767556457350655
maxvit,8,21,0.7860772980164986,0.45756779575343476,0.23592447198005875,0.09258503028300513,0.6018828542863514,0.1841944437301683,0.8778294553216159,0.8782642493873356
maxvit,8,22,0.8189497829064156,0.467335680495669,0.24248753540153498,0.10912656700921164,0.6286474610097901,0.19030232189662763,0.87331023215368,0.8731060106985691
maxvit,8,23,0.7770496136269578,0.45740754143077067,0.23042912965715565,0.08921294253903145,0.5948035987231877,0.18224601490376685,0.8769730427679254,0.8777438140662468
maxvit,8,24,0.7389909157263994,0.42010399428337664,0.2785644085020721,0.04032251294095068,0.551284323441782,0.18770659228461786,0.8757806529816333,0.8777372262773723
maxvit,8,25,0.7637720558685879,0.4192703822040853,0.29960826477762037,0.0448934088868822,0.561803212102346,0.20196884376624274,0.8761100424253605,0.8781851959208411
maxvit,8,26,0.7236393644095678,0.41601695303602876,0.27662518177520856,0.03099722959833051,0.5362843035625324,0.18735506084703846,0.8775659437666342,0.8804316319270601
maxvit,8,27,0.7655395336890255,0.42449981858228986,0.2925498984920539,0.04848981661468177,0.5696771054694701,0.1958624282195614,0.8730401328098238,0.8749308282168172
maxvit,8,28,0.7565118492994847,0.4241960512584604,0.28346496905850993,0.04885082898251436,0.5638902493767849,0.19262159992270367,0.8730467205986983,0.8736725605417798
maxvit,8,29,0.8011950703336639,0.458627695837769,0.24170510472563123,0.10086226977026369,0.6106886958883924,0.19050637444525298,0.8768939893014309,0.8766173021687
maxvit,9,0,0.7925014746985908,0.4259121345339542,0.3021404219363772,0.06444891822825938,0.5897382421431021,0.20276323255549064,0.8733036443648052,0.8750889351498063
maxvit,9,1,0.76384666703878,0.42337569879709835,0.2829703246909411,0.05750064355074058,0.5695803183361833,0.1942663487026039,0.8749967061055628,0.8758004163482569
maxvit,9,2,0.7885853343339756,0.425695293266973,0.3022129378611991,0.06067710320580344,0.58322195690971,0.2053633774242728,0.8737516140082742,0.876531660913331
maxvit,9,3,0.7502008436460408,0.41946420814122587,0.28236887259648613,0.04836776290832878,0.5558393116662004,0.19436153197984524,0.8763208516693455,0.8778492186882395
maxvit,9,4,0.7746528787820859,0.42222475907072665,0.2963484367516219,0.05607968295973731,0.573513822086255,0.20113905669583446,0.8753524467047881,0.8761034546364856
maxvit,9,5,0.7874454385611143,0.4270530546055837,0.2952969094296109,0.06509547452591968,0.5856278294284306,0.20181760913267988,0.8725789875886057,0.8733497588869272
maxvit,9,6,0.7716634718297795,0.42173700655943164,0.2935426009797458,0.05638386429060205,0.5699041598513621,0.20175931197842448,0.8762154470473531,0.8769796305567998
maxvit,9,7,0.8057012290744238,0.4586696352028979,0.2450560004105098,0.10197559346101615,0.6135940221048576,0.1921072069695784,0.8764921341800839,0.8767424701573163
maxvit,9,8,0.7938989555114282,0.42294936196047445,0.3086710270525949,0.062278566498358834,0.5844962943699795,0.20940266114144537,0.8753195077604152,0.876847874779309
maxvit,9,9,0.7582254519922993,0.4199453496935598,0.2888740220292794,0.04940608026946003,0.5619394890353459,0.19628596295694775,0.8765580120688292,0.8782906005428339
maxvit,10,0,0.7786721745468518,0.4226476284471462,0.2928532551775092,0.06317129092219631,0.5762087103340342,0.20246346421281555,0.8759255843368734,0.8768215236238108
regnet,1,0,0.521932496342355,0.521932496342355,0.0,0.0,0.5219324963423558,1.5195301270614717e-17,0.8591398982845397,0.8591398982845397
regnet,1,1,0.6857940989995929,0.6857940989995929,0.0,0.0,0.6857940989996025,1.8228810034214575e-17,0.8687877150913067,0.8687877150913067
regnet,1,2,0.7112504292672878,0.7112504292672878,0.0,0.0,0.7112504292672831,1.3955858744609516e-17,0.8823091517563044,0.8823420907006773
regnet,1,3,0.44008565309380693,0.44008565309380693,0.0,0.0,0.44008565309380726,1.6436795698011273e-17,0.9064138712482543,0.9064138712482543
regnet,1,4,0.6261456856007925,0.6261456856007925,0.0,0.0,0.6261456856007306,1.3868676604405718e-17,0.8976422303618015,0.8976422303618012
regnet,1,5,0.5792925202925373,0.5792925202925373,0.0,0.0,0.5792925202925231,1.2430462724687259e-17,0.9081365780389471,0.9081365780389471
regnet,1,6,0.44565680118543194,0.44565680118543194,0.0,0.0,0.445656801185432,1.3706887074639243e-17,0.8963213786924557,0.8963213786924557
regnet,1,7,0.7640247904865154,0.7640247904865154,0.0,0.0,0.7640247904864979,1.6955103853451277e-17,0.8566233629344647,0.8566233629344647
regnet,1,8,0.6229342801272034,0.6229342801272034,0.0,0.0,0.6229342801271998,1.408123282503139e-17,0.9069310126749057,0.9066411499644258
regnet,1,9,0.5399608825787884,0.5399608825787884,0.0,0.0,0.5399608825787835,1.692202269347341e-17,0.8749341221112545,0.8749341221112545
regnet,1,10,0.5866615767216508,0.5866615767216508,0.0,0.0,0.5866615767216702,1.3845880293096655e-17,0.8566892408232101,0.8566892408232101
regnet,1,11,0.5318026790347956,0.5318026790347956,0.0,0.0,0.5318026790347966,1.4489320103377376e-17,0.8751021107275554,0.8751021107275554
regnet,2,0,0.6429786434144351,0.4939036109784365,0.0980855206619901,0.05098951177400857,0.5759026774280562,0.06707596598637837,0.8720519644786424,0.8724142928667422
regnet,2,1,0.6256056559230381,0.5015133133952941,0.0906478405468232,0.03344450198092075,0.5600834320076047,0.06552222391545191,0.8845358243958997,0.8912487812590583
regnet,2,2,0.5331156693472997,0.41376444633414483,0.09645861344354549,0.022892609569609368,0.46307824006431547,0.07003742928298344,0.9128106142454346,0.9150175235184062
regnet,2,3,0.6985222641334403,0.5471536253050883,0.12767567102046057,0.02369296780789143,0.6001435245057742,0.09837873962763652,0.8835707133257793,0.890797517721152
regnet,2,4,0.49280884188211016,0.4165087093988746,0.06719103672053288,0.00910909576270269,0.4380599420632003,0.054748899818909874,0.8958799968378615,0.8951685156394108
regnet,2,5,0.5133736149077288,0.39974306409704596,0.11058568132132919,0.0030448694893536743,0.4260862684629257,0.08728734644480238,0.9002938153838045,0.9021647474241745
regnet,2,6,0.5506125083174461,0.406028252721129,0.14325824067230802,0.001326014924009078,0.44919293131056764,0.10141957700687858,0.9038116946428101,0.9085351392658569
regnet,2,7,0.602719102946665,0.4697122037408341,0.11085491873772621,0.022151980468104626,0.5156883403239664,0.08703076262262509,0.9136340878547526,0.9166117684260456
regnet,2,8,0.5830532840897904,0.46246715686845186,0.09705788764901402,0.023528239572324527,0.5069538625339542,0.07609942155585123,0.8954254394055179,0.9011765790929933
regnet,2,9,0.6128774907891906,0.49313474828339837,0.08769186220073553,0.03205088030505676,0.5444508672749114,0.06842662351427943,0.8821279875622546,0.8839626867638144
regnet,2,10,0.5629398760466999,0.42920310452430016,0.11154977766998751,0.022186993852412296,0.4789756015132892,0.08396427453341085,0.9011107012042479,0.9004189833724209
regnet,2,11,0.48100907471808096,0.4025588341611537,0.07289906703293314,0.005551173523994146,0.4201288675484762,0.060880207169604676,0.8986271047985455,0.8996350364963503
regnet,2,12,0.48594416606430124,0.3956252262902859,0.08577391327375851,0.0045450265002568435,0.41627287347711944,0.06967129258718167,0.9038182824316846,0.9064929247147487
regnet,2,13,0.6716586553895263,0.46332098330490795,0.17406482325447525,0.03427284883014314,0.550412528923121,0.12124612646639793,0.903080450077736,0.903007984400116
regnet,2,14,0.5309466894605717,0.46601231413196975,0.05134813140105619,0.013586243927545705,0.4884693830860196,0.04247730637455192,0.8770125695011727,0.87877809691955
regnet,2,15,0.6087983890171942,0.49080338289307146,0.09043203672769023,0.027562969396432546,0.5390250491155729,0.06977333990161713,0.8819204722127065,0.8853922369495903
regnet,2,16,0.5124746607389846,0.39699145118956575,0.09871898213067562,0.016764227418743283,0.44281564071641466,0.06965902002256943,0.9164734248596802,0.9163680202376875
regnet,2,17,0.6038632976709739,0.47467071912358305,0.09941838417648192,0.02977419437090889,0.5294327955312429,0.07443050213973186,0.8771772642230361,0.8797728530396058
regnet,2,18,0.582977048507094,0.4066448733164355,0.1832891113462021,-0.006956936155543603,0.45047242417655653,0.13250462433053395,0.907929062689399,0.9116841023478879
regnet,2,19,0.6325433096460651,0.4843575016090191,0.14652201249623661,0.0016637955408094207,0.5196597757405828,0.11288353390547316,0.9017727739861392,0.9062557643152652
regnet,2,20,0.5096890866931721,0.4006346195045499,0.07749246656127257,0.03156200062734965,0.4504913791903854,0.059197707502784865,0.9194313420643494,0.9181994255448102
regnet,2,21,0.6020552217901611,0.43695017769252875,0.12626114706381728,0.03884389703381508,0.5154958010383204,0.08655942075183928,0.8978958602334712,0.8952080423726579
regnet,2,22,0.48379464876389344,0.4200458270743511,0.06262686112118557,0.0011219605683567835,0.43070519649446004,0.053089452269433485,0.8893646736409391,0.8902935518722496
regnet,2,23,0.5596267014356628,0.4248705541907889,0.11302327947531307,0.02173286776956085,0.47262083437125213,0.0870058670644125,0.9066147988089277,0.9092795594086801
regnet,2,24,0.6362278378606219,0.4947984655344696,0.10936370313740366,0.03206566918874865,0.5510851643144644,0.08514267354615702,0.8769005770903054,0.8796279216843658
regnet,2,25,0.6934795353068595,0.4732644365064086,0.20634181505565719,0.013873283744793685,0.5473661896794437,0.14611334562743364,0.9028926980948114,0.9065818598645551
regnet,2,26,0.6753431836040831,0.5051512599927139,0.11461313164951435,0.05557879196185478,0.5924341761063653,0.08290900749772624,0.873300350470368,0.8729479037655802
regnet,2,27,0.6215265541510417,0.4745983395837412,0.12109991409770024,0.025828300469600274,0.5336617729932838,0.08786478115776597,0.8878033676776727,0.8958075311602415
regnet,2,28,0.4887297401101138,0.41091574624844496,0.07980006058112907,-0.0019860667194602777,0.42306658238136247,0.0656631577287514,0.8963082031147065,0.8996877388073466
regnet,2,29,0.6245399828639979,0.47428056821199827,0.14130354088316177,0.008955873768837885,0.5192257743134377,0.10531420855051583,0.9138053703654907,0.9177909826345885
regnet,3,0,0.5727041589688918,0.4099146963621588,0.14660739680238546,0.016182065804347556,0.4581409145190991,0.11456324444979309,0.8941210572083585,0.8949445308176764
regnet,3,1,0.5525608103760651,0.4052260670903168,0.12679349412152574,0.020541249164222508,0.45376177099691517,0.09879903937915079,0.9003860444280481,0.9025534269677724
regnet,3,2,0.5840084792313974,0.4112401712393297,0.1493978315010891,0.023370476490978676,0.46881913472061654,0.11518934451077616,0.907066062346834,0.9102479643732377
regnet,3,3,0.5353974070911293,0.39873257025607894,0.114810932113183,0.021853904721867323,0.44476251002918776,0.09063489706194,0.9084363224327386,0.9111439036601756
regnet,3,4,0.5467989173662671,0.4419797058094903,0.083112339019081,0.021706872537695765,0.47525872424526416,0.0715401931210034,0.8807610213707872,0.881050884081267
regnet,3,5,0.6388962117202058,0.4511053783220423,0.16446934762269788,0.023321485775465667,0.5099374371029675,0.1289587746172181,0.9102512582676751,0.915281035073388
regnet,3,6,0.6572504619428211,0.46621626364128915,0.13801560154955916,0.053018596751972846,0.5542264485643786,0.10302401337844377,0.880517273182429,0.8819797623125775
regnet,3,7,0.563765654979961,0.4129536518571772,0.12309496898153832,0.02771703414124549,0.4723215603515813,0.09144409462837874,0.9024875490790272,0.9051556035732167
regnet,3,8,0.533464586782477,0.380275312083083,0.1696388150853194,-0.016449540385925387,0.4080595130561022,0.12540507372637422,0.9120134917916152,0.9187000974992753
regnet,3,9,0.6395872498828381,0.41815561681021224,0.2138544463770776,0.007577186695548299,0.48022903907575687,0.15935821080707696,0.9025731903343961,0.90927955940868
regnet,3,10,0.5588898185014514,0.396507594119733,0.18735452354251877,-0.02497229916080046,0.4176555550432006,0.14123426345825224,0.9033505494215922,0.9129950723339219
regnet,3,11,0.5847950601040761,0.3969565525946986,0.18931277318953157,-0.0014742656801540743,0.4461367040913683,0.1386583560127106,0.9101623231178688,0.914029355187225
regnet,3,12,0.6101679440462044,0.4288243164166462,0.14987650412805598,0.03146712350150227,0.49576527460544345,0.11440266944073706,0.9037260533874409,0.9088447653429603
regnet,3,13,0.5842560483004106,0.425087519889769,0.14601757933708895,0.013150949073552631,0.46797767812908386,0.11627837017133229,0.8952080423726582,0.9015454952699675
regnet,3,14,0.578733250248419,0.39157903596384297,0.16573708030655793,0.021417133978018144,0.4583218858331934,0.1204113644152235,0.9140820574982214,0.9148791799520409
regnet,3,15,0.5499224149219181,0.3901995034610995,0.14172266766022779,0.01800024380059073,0.44666402088412976,0.10325839403778841,0.906071306226778,0.9036008853988248
regnet,3,16,0.5353465833693316,0.3689933385755503,0.16375857996669144,0.002594664827089921,0.41191840403141733,0.12342817933791611,0.9158475849165986,0.9176262879127248
regnet,3,17,0.5943379969602905,0.44521906679847906,0.12008173052064276,0.029037199641168687,0.5013607974132629,0.09297719954701893,0.8903264908166224,0.8969340430577881
regnet,3,18,0.6402820953720473,0.40996220253465004,0.23897219666482908,-0.008652303827431873,0.46757646116231616,0.17270563420970694,0.9056035732166856,0.914734248596801
regnet,3,19,0.5686383265309921,0.3983348301770913,0.1652473242920221,0.005056172061878694,0.442297383492088,0.12634094303891044,0.9048328019183641,0.9086207805212259
regnet,3,20,0.5883285348814794,0.4382358969776975,0.1334744535468174,0.016618184356964494,0.4860372288103632,0.1022913060711181,0.887612321800311,0.8945163245408312
regnet,3,21,0.6197762037368117,0.432887504130525,0.1621344875281266,0.024754212078160087,0.5002416271881015,0.11953457654870421,0.8953793248833962,0.9026522438008907
regnet,3,22,0.5649122556378093,0.38910050287409453,0.16597834599530922,0.009833406768405606,0.4448882803425502,0.1200239752952584,0.9167435242035364,0.9205842051173945
regnet,3,23,0.6690259662628663,0.477567298278069,0.14612204773667659,0.045336620248120685,0.5597398881959367,0.10928607806693343,0.8853724735829666,0.8913871248254235
regnet,3,24,0.5293879450123181,0.3884915637373226,0.1295652914092046,0.0113310898657909,0.4298866617313056,0.09950128328101318,0.9065390392368706,0.9108935676829429
regnet,3,25,0.6090149079025086,0.3978830837917252,0.1914777347168661,0.019654089393917218,0.46744350914257743,0.14157139875992636,0.9115918733036444,0.9137460802656198
regnet,3,26,0.5630552062739342,0.3927216708414705,0.14956627128706426,0.020767264145399422,0.4506071790929504,0.1124480271809908,0.9192468839758623,0.9226395952462516
regnet,3,27,0.6605405228403013,0.4820587414170533,0.13234464498679327,0.046137136436454784,0.5600864907558957,0.10045403208440408,0.8815548499301695,0.8854910537827085
regnet,3,28,0.5528083794450782,0.4456717598062305,0.08948005971924727,0.017656559919600356,0.47649151270933643,0.07631686673574033,0.8839429233971912,0.8867229703022479
regnet,3,29,0.678826822069253,0.4781400623314722,0.14967512765520175,0.051011632082579084,0.5646893644147983,0.11413745765444602,0.8805106853935545,0.8825594877335371
regnet,4,0,0.5762366218058067,0.42800568238254644,0.12477063269714497,0.02346030672611532,0.4773782101815146,0.0988584116242908,0.8897862921289098,0.8948984162955547
regnet,4,1,0.602977098022922,0.37829795349305134,0.20920861864117532,0.015470525888695352,0.44904618579479694,0.15393091222813227,0.9165393027484255,0.9182850668001792
regnet,4,2,0.6499415832340405,0.39821640506045336,0.24723191603674452,0.004493262136842646,0.4647568813371953,0.18518470189682054,0.908232100977628,0.9135286832327598
regnet,4,3,0.5665009556253664,0.40787913039558144,0.1246686374812795,0.03395318774850542,0.4710275794153778,0.0954733762099892,0.8958470578934886,0.8955176684497614
regnet,4,4,0.5936260021217771,0.4045533468301991,0.1685064880864448,0.020566167205133157,0.4658024597975904,0.12782354232418747,0.8987720361537853,0.9027971751561307
regnet,4,5,0.570957029182247,0.39328555195469345,0.1576830127267409,0.019988464500812597,0.4474679624778475,0.12348906670439842,0.9059593138159108,0.9105444148725923
regnet,4,6,0.5201206012981521,0.39487949686037255,0.11337537024034161,0.011865734197437972,0.42447245513672205,0.0956481461614306,0.8973424859680097,0.8983767688213129
regnet,4,7,0.5875762455907221,0.3813347980071284,0.19655862198436422,0.009682825599229505,0.44256763064285304,0.14500861494787187,0.9159925162718385,0.920979472449867
regnet,4,8,0.5410612374639757,0.36788854319850856,0.16636509126020585,0.006807603005261287,0.41666517275297277,0.12439606471099957,0.9182257767003084,0.9213088618935943
regnet,4,9,0.6146806580568257,0.4089222431058407,0.19266321877523485,0.013095196175750168,0.4657739668109321,0.14890669124588984,0.9017497167250784,0.9075733220901738
regnet,4,10,0.5820364618570983,0.4037565373497113,0.14778774714413345,0.030492177363253603,0.4682267005410226,0.11380976131607572,0.8936401486205169,0.89316582782155
regnet,4,11,0.6051334644160977,0.41517470724555156,0.1693253879705484,0.02063336919999781,0.47021740342043916,0.13491606099565967,0.8940815304751113,0.8992397691638777
regnet,4,12,0.5992631215390508,0.4004141088203464,0.17532609297319363,0.023522919745510795,0.46591080606464647,0.13335231547440374,0.9005441513610373,0.9030409233444886
regnet,4,13,0.5723498162051532,0.3945794229256278,0.1637492823632937,0.014021110916231705,0.44459846761252003,0.12775134859263318,0.9038182824316847,0.9077577801786609
regnet,4,14,0.592655439511985,0.4037281570388881,0.18506841204936744,0.0038588704237294547,0.4484797595555764,0.1441756799564063,0.9007878995493952,0.9075140319903028
regnet,4,15,0.5333858486354937,0.37690394206046157,0.16189348342264653,-0.005411576847614397,0.4051716325152413,0.1282142161202525,0.9076523755566681,0.9107815752720756
regnet,4,16,0.6399849227432182,0.426143205440755,0.1990587520712281,0.014782965231235012,0.48527180041258006,0.15471312233063964,0.9017497167250784,0.9104258346728504
regnet,4,17,0.6250347016021698,0.3845484009246551,0.23770903236690485,0.0027772683106098706,0.4504257350810415,0.17460896652110466,0.9152480961290153,0.9204260981844055
regnet,4,18,0.6130159637521129,0.4263940350481407,0.1510352912281128,0.03558663747585933,0.496331186337083,0.11668477741503094,0.8928562017444465,0.8962489130148358
regnet,4,19,0.5182783371908737,0.3720097369363206,0.14269676405868098,0.0035718361958720912,0.40464818004521236,0.11363015714566095,0.9117763313921315,0.9143653324198264
regnet,4,20,0.5435287831370859,0.36553103375949975,0.1687454510008749,0.009252298376711154,0.4152557360454862,0.12827304709159762,0.9207291364726344,0.9237331681994255
regnet,4,21,0.5897656694257607,0.4023587629525713,0.16147844946380674,0.025928457009382733,0.46602535684506485,0.12374031258069638,0.9001225328730663,0.903179266910854
regnet,4,22,0.5899513462275204,0.4326816908848171,0.1344670915413608,0.02280256380134249,0.4847414786774094,0.10520986755010933,0.8870325963793512,0.8921842472792432
regnet,4,23,0.6024883489404221,0.3899742194606919,0.21115259447914617,0.0013615350005841131,0.4441091844166586,0.15837916452376402,0.9114535297372789,0.9164734248596802
regnet,4,24,0.5549817909184326,0.37673488143326317,0.17439107726218353,0.003855832222985911,0.4246934333808674,0.13028835753756737,0.9167303486257873,0.9206632585838889
regnet,4,25,0.5937399294553489,0.39360283610177765,0.18900295620450946,0.011134137149061862,0.44942522946569696,0.14431469998964616,0.9144641492529448,0.9192929984979841
regnet,4,26,0.5299916285179376,0.38328738099864285,0.13966893054409596,0.007035316975198769,0.41772427780295945,0.11226735071497765,0.9060976573822762,0.9109989723049354
regnet,4,27,0.6152232258795058,0.4159070281711664,0.1596680708216185,0.039648126886720925,0.5002733281382076,0.1149498977413007,0.8966112414029356,0.8969340430577881
regnet,4,28,0.6498178321716553,0.42247886363541,0.21374182311866746,0.01359714541757795,0.48534351945627396,0.16447431271541832,0.9125273393238293,0.9174286542464887
regnet,4,29,0.6283953824785395,0.4074599063665853,0.2143980509546268,0.00653742515732747,0.46455155892092326,0.16384382355760635,0.9005968536720335,0.9063677567261326
regnet,5,0,0.5717643204841419,0.3799567590848101,0.182740714042976,0.009066847356355878,0.4295901026763042,0.1421742178078366,0.9105575904503413,0.9136802023768744
regnet,5,1,0.5313509832699179,0.36700934973210814,0.1678634378363544,-0.0035218042985446507,0.40135295351741535,0.12999802975250227,0.9161176842604549,0.9205973806951435
regnet,5,2,0.5627532690899886,0.3766043983406662,0.17697172457164986,0.009177146177672513,0.4233374430314727,0.13941582605851835,0.9082255131887533,0.9101820864844922
regnet,5,3,0.6638035366777968,0.4347413026085018,0.18807463080467932,0.0409876032646157,0.5177425347297551,0.14606100194806657,0.8958734090489868,0.9016311365253367
regnet,5,4,0.5920989480486358,0.41118057222157567,0.1578877118806461,0.023030663946414065,0.4643509622643341,0.12774798578430255,0.8946283169516983,0.8986007536430474
regnet,5,5,0.584702351525473,0.394410208743401,0.16866741563525087,0.021624727146821177,0.450607032308961,0.13409531921651963,0.9026654193786398,0.905096313473346
regnet,5,6,0.6263568573863358,0.41387157212985387,0.18878503123513715,0.02370025402134479,0.4799484302445209,0.14640842714182217,0.8960842182929721,0.902401907823658
regnet,5,7,0.6252568984018944,0.38077450049763356,0.23497388410873088,0.00950851379552986,0.44928414746587836,0.1759727509360229,0.9165722416927983,0.9213813275712139
regnet,5,8,0.6528632136121175,0.415917806325123,0.2097435739636671,0.027201833323327484,0.4896530368940001,0.16321017671809096,0.9047768057129305,0.9115655221481462
regnet,5,9,0.5349566605172046,0.37008162475615897,0.1578309622473524,0.007044073513693183,0.4115980774642246,0.12335858305297924,0.9172837228912487,0.920676434161638
regnet,5,10,0.5355684473788438,0.35884561281762684,0.17273850934075877,0.003984325220458218,0.4021183629075647,0.1334500844712811,0.9196026245750876,0.9212956863158449
regnet,5,11,0.5167303402987231,0.37264431097304956,0.13256636303921945,0.011519666286454067,0.40898591143136204,0.10774442886736092,0.9109989723049357,0.9131861182112835
regnet,5,12,0.5579869852244814,0.3795922586890971,0.17389634700716866,0.004498379528215635,0.42472648791794787,0.1332604973065355,0.9076919022899154,0.9122177132467258
regnet,5,13,0.5976904393548402,0.3929525985770358,0.17565800270343299,0.029079838074371422,0.4597148611136144,0.13797557824124224,0.9092334448865582,0.9134891564995125
regnet,5,14,0.5521724888186175,0.36748126745354526,0.16843288346297575,0.01625833790209641,0.4228234170054239,0.12934907181319344,0.9139503017207304,0.9138712482542359
regnet,5,15,0.5776871167287857,0.38147391732962055,0.2104128684929817,-0.014199669093816536,0.4162258353655236,0.16146128136326088,0.9062557643152652,0.9140095918206015
regnet,5,16,0.6611872190445909,0.41256077984060047,0.22308910282347305,0.02553733638051736,0.49106998198863644,0.17011723705596168,0.8993451737858704,0.9064336346148778
regnet,5,17,0.6091198967819349,0.4270292919237527,0.1527522592904006,0.029338345567781587,0.48867088279972304,0.12044901398221601,0.88949642941843,0.8941078816306096
regnet,5,18,0.5428152030254263,0.3642833928274894,0.16846410213331658,0.010067708064620318,0.41151155410570295,0.13130364891971746,0.917942501778703,0.9209860602387416
regnet,5,19,0.5516722635659519,0.3860335285123569,0.1490663699373507,0.01657236511624427,0.43442471730909765,0.11724754625685417,0.9011304645708715,0.8996350364963505
regnet,5,20,0.5871277593543063,0.3774248916312717,0.2067360978375055,0.0029667698855291302,0.42717937571743453,0.15994838363687097,0.9068289019473506,0.9108540409496957
regnet,5,21,0.6235175346534702,0.3858402692220882,0.20956593576856739,0.0281113296628146,0.46486854388931953,0.15864899076416675,0.915900287227595,0.9181928377559356
regnet,5,22,0.6405291843978975,0.4014105610090978,0.20414237923843437,0.034976244150365376,0.4877054756796004,0.15282370871830384,0.9047669240296188,0.9090951013201929
regnet,5,23,0.5781873419814512,0.36821929584810714,0.20293798212618158,0.00703006400716244,0.42527869730587264,0.1529086446755709,0.917323249624496,0.921598724604074
regnet,5,24,0.6195404982182562,0.3796822204444801,0.22346994867410466,0.016388329099671473,0.4518117293344532,0.16772876888379126,0.914187462120214,0.9156038367282404
regnet,5,25,0.5993229944966678,0.3797846239051636,0.22873375628006384,-0.009195385688559599,0.4249941057657336,0.1743288887309423,0.910531239294843,0.9165458905373001
regnet,5,26,0.6441662703112919,0.4039040746565394,0.22563318896956344,0.014629006685189072,0.47162354473443174,0.1725427255768591,0.9031133890221086,0.9098856359851379
regnet,5,27,0.6147427967542469,0.40139781705305094,0.21105286242361918,0.002292117277576833,0.45162874619308246,0.16311405056116843,0.9017233655695802,0.910834277583072
regnet,5,28,0.5622663522325937,0.39327081737277686,0.1599864836346909,0.009009051225125964,0.4341040640414839,0.12816228819110884,0.9012029302484915,0.9055113441724421
regnet,5,29,0.590733436601593,0.381073608797969,0.20042518050018632,0.009234647303437704,0.43631741950693587,0.1544160170946523,0.9077775435452845,0.9115457587815227
regnet,6,0,0.527157370297692,0.36226236101608195,0.150535679038475,0.014359330243135071,0.4064614312921954,0.12069593900549747,0.9168950433476507,0.9181533110226883
regnet,6,1,0.5579317928595062,0.3691883955497141,0.1907330567606764,-0.0019896594508842513,0.40728922443662385,0.1506425684228868,0.9128896677119291,0.9185881050884082
regnet,6,2,0.6121452873017225,0.3793669993429046,0.22469802499356795,0.008080262965249996,0.44049899452904917,0.17164629277266782,0.912533927112704,0.9179293262009539
regnet,6,3,0.5956374893925808,0.37907494281623105,0.19739140412708925,0.019171142449260437,0.4469709308183285,0.14866655857424868,0.9085153758992331,0.9104719491949722
regnet,6,4,0.6261122605648136,0.3801123596982999,0.23759865866197394,0.00840124220453975,0.4468234339348412,0.1792888266299718,0.9097670557853961,0.9150175235184063
regnet,6,5,0.5822929018930724,0.382742372174212,0.17697164428447393,0.022578885434386464,0.4440146216372609,0.138278280255815,0.907566734301299,0.9100569184958759
regnet,6,6,0.6480733368315135,0.40363530186612484,0.20927951223466512,0.03515852273072351,0.4881203301869834,0.15995300664453457,0.9034230150992121,0.9075206197791774
regnet,6,7,0.5858218861773448,0.36477552180908046,0.21772597056943396,0.0033203937988303123,0.41945965339918884,0.16636223277815415,0.9137987825766158,0.9163548446599384
regnet,6,8,0.5805163469251856,0.40090480099904463,0.16483279454033345,0.014778751385807531,0.4498304107515022,0.13068593617368288,0.8957680044269942,0.8998853724735829
regnet,6,9,0.6131321532868844,0.37094680052916823,0.22901229067468665,0.013173062083029596,0.43880937865460173,0.17432277463229384,0.9145234393528155,0.9164602492819309
regnet,6,10,0.5393347519115811,0.36533904253072896,0.17279637586588553,0.001199333514966594,0.4033018503590934,0.13603290155248995,0.9144509736751956,0.9185683417217845
regnet,6,11,0.57962512629905,0.37739892797286323,0.19494064541821757,0.007285552907969284,0.4273618495310521,0.1522632767680028,0.9112756594376662,0.9173759519354924
regnet,6,12,0.5409862698890946,0.3567953195827081,0.17699695901790954,0.007193991288476975,0.4035997497341685,0.1373865201549228,0.9223102058025245,0.9252681230071939
regnet,6,13,0.6011334690284084,0.39278632247917394,0.1978011019245899,0.01054604462464448,0.4452793380498907,0.1558541309785237,0.90410155735329,0.9099910406071307
regnet,6,14,0.5657295310204988,0.3748933168962525,0.17616263311376068,0.014673581010485659,0.4275765522520956,0.13815297876840238,0.9078631848006535,0.9092005059421855
regnet,6,15,0.5546274104305192,0.3661755279451023,0.19524293860976788,-0.006791056124350936,0.40417539730926594,0.15045201312125242,0.9163811958154366,0.9221059843474135
regnet,6,16,0.5580135397113613,0.3848840706314939,0.1752626276775121,-0.0021331585976447354,0.41729669788552287,0.14071684182583818,0.9046154048855043,0.9103401934174813
regnet,6,17,0.604361838277912,0.38951048856650783,0.19638934047799186,0.018462009233412346,0.45023107507703325,0.15413076320088606,0.9108013386386993,0.916302142348942
regnet,6,18,0.5701234636105775,0.38218112174253793,0.17759946983226813,0.010342872035771444,0.4298221946347579,0.14030126897581655,0.9056958022609292,0.9094113151861709
regnet,6,19,0.6023439732236685,0.3751473020603479,0.21199246135179453,0.015204209811526037,0.4402971509824439,0.16204682224121877,0.9121584231468549,0.9151690426625207
regnet,6,20,0.587279157576107,0.3936566038516189,0.16714581558421823,0.026476738140269962,0.45502614144102227,0.13225301613508764,0.8996152731297267,0.9012688081372366
regnet,6,21,0.5563985699050294,0.36483244663059594,0.19973241393480587,-0.008166290660372333,0.4015625530214347,0.15483601688359333,0.9134957442883871,0.9190426625207515
regnet,6,22,0.6331962802339298,0.3913418537370987,0.21247905960003322,0.029375366896797872,0.471012466264465,0.16218381396944823,0.9069573638304039,0.9102084376399906
regnet,6,23,0.5963239345169752,0.397246840497797,0.1659907487894154,0.03308634522976284,0.46622492081098516,0.13009901370599225,0.901123876781997,0.9029948088223669
regnet,6,24,0.61799185609562,0.39027673622741865,0.2020590262084448,0.02565609365975663,0.4661481845307634,0.15184367156485554,0.9042728398640281,0.9066707950143614
regnet,6,25,0.5848350201921827,0.3719846156355771,0.21394129480284116,-0.001090890246235543,0.42074408874510616,0.1640909314470773,0.9118487970697514,0.9180347308229466
regnet,6,26,0.5944093133210621,0.37561541056225695,0.19488900209921675,0.02390490065958839,0.44738366081434483,0.14702565250671615,0.9147408363856755,0.9160518063717094
regnet,6,27,0.6289535585226474,0.39416585740278237,0.20746445687499185,0.0273232442448732,0.46844666481193314,0.16050689371070523,0.905208305884213,0.9082189253998788
regnet,6,28,0.6110813587903151,0.3858485922425742,0.21886129619735334,0.0063714703503875425,0.44338433765389745,0.16769702113641552,0.9067827874252286,0.9121518353579805
regnet,6,29,0.5894435983142035,0.3886053055687316,0.1771028986212627,0.02373539412420922,0.4527131977569207,0.13673040055728353,0.9035218319323303,0.9039763893646735
regnet,7,0,0.6209362943313316,0.3906160306438522,0.19284000157493966,0.03748026211253974,0.4712857328709243,0.14965056146040107,0.9093124983530527,0.9113217739597882
regnet,7,1,0.559690915841158,0.3679148510143546,0.18490146395681842,0.006874600869985037,0.4142847295643093,0.1454061862768513,0.9144641492529446,0.9192468839758623
regnet,7,2,0.6056791165155022,0.3877001392510518,0.19511730794022264,0.02286166932422784,0.4563197040082664,0.14935941250723445,0.904088381775541,0.9067959630029777
regnet,7,3,0.6280936616090126,0.3818844859457227,0.23682118549386255,0.009387990169427263,0.44581505933184085,0.18227860227717052,0.9111636670267992,0.9155972489393659
regnet,7,4,0.6013582813755536,0.37889157945737545,0.20607636862294443,0.01639033329523376,0.44194826002251514,0.15941002135303667,0.9073295739018157,0.9090819257424438
regnet,7,5,0.5734736193910469,0.3735089414431999,0.20456386578579966,-0.004599187837952656,0.4136073095150666,0.1598663098759813,0.9094047273972964,0.9151558670847717
regnet,7,6,0.6197708366821898,0.38460520192838926,0.20133403410473966,0.03383160064906088,0.4645901912834762,0.15518064539872817,0.9100964452291234,0.9126986218345675
regnet,7,7,0.5999902423976625,0.3908339995416885,0.17856782764838913,0.03058841520758493,0.46044201430722836,0.13954822809043677,0.9037392289651902,0.9067827874252286
regnet,7,8,0.6284037003648297,0.38150869769108414,0.22073806977459823,0.026156932899147334,0.4608350730732502,0.16756862729157268,0.9091148646868167,0.9111504914490501
regnet,7,9,0.6141520312945113,0.3976381024232613,0.17825117571593993,0.038262753155310136,0.47480286888539946,0.1393491624091173,0.9030475111333631,0.9061635352710218
regnet,7,10,0.5460957268844482,0.3635142367751506,0.1860312894521552,-0.003449799342857607,0.3986474673733773,0.14744825951107213,0.9131268281114127,0.9177778070568394
regnet,7,11,0.5793595070948684,0.3749261001405534,0.1930087133724157,0.011424693581899237,0.4281391872051067,0.15122031988976214,0.9081332841445098,0.9102611399509869
regnet,7,12,0.5888144293281021,0.38853750928978364,0.17597672834462358,0.024300191693694906,0.4495336283632656,0.13928080096483478,0.9045363514190097,0.9079554138448971
regnet,7,13,0.5835882975989986,0.3758087676814532,0.19932919482442618,0.008450335093119099,0.4280735682656033,0.15551472933339436,0.9086405438878496,0.911064850193681
regnet,7,14,0.6115765475464494,0.3948307841015252,0.1855072714764248,0.03123849196849937,0.46746573164889504,0.14411081589755037,0.902289915412791,0.9058670847716672
regnet,7,15,0.5959357984532131,0.37420369401950315,0.21646225776990458,0.0052698466638053665,0.42864630114893354,0.1672894973042847,0.9121518353579805,0.91676328757016
regnet,7,16,0.569516775095924,0.3734815809519956,0.17127928485660376,0.02475590928732463,0.4357334822622809,0.1337832928336433,0.9097209412632744,0.9090226356425728
regnet,7,17,0.6152957073485971,0.38645642491138243,0.19473289037943906,0.03410639205777555,0.4661147305767169,0.14918097677187597,0.9065588026034941,0.9079685894226461
regnet,7,18,0.6064049260841443,0.3747788608586981,0.21047107033534393,0.021154994890102308,0.44588121889228716,0.1605237071918569,0.910373132361854,0.9119212627473714
regnet,7,19,0.6004109277868058,0.37239464031015485,0.21696838772862076,0.011047899748030221,0.4331140267611762,0.16729690102563025,0.9157948826056022,0.9201230598961765
regnet,7,20,0.5615121662906134,0.378739347457382,0.17080949750529284,0.011963321327938536,0.424439823690896,0.13707234259971585,0.9081925742443806,0.9111109647158029
regnet,7,21,0.6014636501338221,0.3774335396778868,0.22330950848136302,0.0007206019745722436,0.4286783015421472,0.17278534859168104,0.9095496587525362,0.9161308598382039
regnet,7,22,0.559669134246102,0.35668225265007697,0.20527644737397252,-0.0022895657779474776,0.40167546857161146,0.1579936656744906,0.9182126011225592,0.9220269308809191
regnet,7,23,0.5942279814303463,0.37820261900639474,0.20543897057089155,0.010586391853059984,0.43525062025393146,0.15897736117641786,0.9092861471975547,0.9121320719913568
regnet,7,24,0.5749963807920926,0.37096248086106115,0.1910939395122029,0.0129399604188285,0.4260402481531562,0.14895613263893354,0.9158212337611006,0.9187066852881499
regnet,7,25,0.627944928154317,0.3752146860651896,0.23961798795305783,0.013112254136069534,0.44626903172974447,0.18167589642456683,0.9120069040027404,0.9150438746739045
regnet,7,26,0.6332226506461991,0.40162111696357333,0.210307517979789,0.021294015702836733,0.4686453515450104,0.16457729910118898,0.8991277767530107,0.9051094890510949
regnet,7,27,0.5662015072473003,0.3889847886041905,0.16410236209971316,0.013114356543396655,0.4349586193577431,0.13124288788955524,0.9010645866821261,0.9053005349284566
regnet,7,28,0.5769937148926079,0.37677562079726185,0.20032015662259667,-0.00010206252725064591,0.41779554014840115,0.15919817474420728,0.9088184141874621,0.914661782919181
regnet,7,29,0.5866534008336711,0.37424456462534417,0.20531505287313587,0.007093783335191062,0.42755607985230853,0.15909732098136337,0.9104851247727213,0.9146420195525574
regnet,8,0,0.5639594490830399,0.3737463425316948,0.17531366338389157,0.014899443167453508,0.42295801614487455,0.14100143293816622,0.908805238609713,0.9117631558143825
regnet,8,1,0.6190253326771413,0.379296511732288,0.2240635124640698,0.015665308480783513,0.44627221358070523,0.17275311909644406,0.9091346280534401,0.9143126301088303
regnet,8,2,0.5965943638980797,0.3754285543529592,0.2139214866025199,0.007244322942600689,0.42900548648865483,0.16758887740942113,0.9097077656855255,0.9144377980974466
regnet,8,3,0.6007033422236608,0.37499077830859956,0.20509802043429837,0.02061454348076286,0.4418433702871266,0.15885997193652965,0.9125866294237002,0.9164800126485546
regnet,8,4,0.5926638310829588,0.37906524256516816,0.19765551515921403,0.015943073358576587,0.43755758410252793,0.15510624698043243,0.9063809323038816,0.9086734828322223
regnet,8,5,0.5674364581937563,0.3701411098479119,0.19980513276089062,-0.0025097844150461235,0.41038590618092186,0.15705055201283635,0.9103928957284776,0.9156960657724842
regnet,8,6,0.5527897886676708,0.3646872054360883,0.18956622023805145,-0.0014636370064688986,0.4024494039518986,0.15034038471577074,0.9136538512213761,0.9170531502806397
regnet,8,7,0.5961692542979667,0.37799725104254406,0.19308399225640877,0.02508801099901392,0.44688399643716037,0.14928525786080088,0.9085285514769823,0.910518063717094
regnet,8,8,0.575293935552805,0.3827283459991555,0.17804527696080955,0.014520312592839923,0.4341938799958826,0.1411000555569225,0.9041806108197843,0.9072768715908193
regnet,8,9,0.5696859529737133,0.3808488331212583,0.1743915547175304,0.014445565134924565,0.4315327949491783,0.13815315802453623,0.904990908851353,0.9083836201217423
regnet,8,10,0.5986249320038954,0.3730808568734055,0.2055735516221968,0.019970523508293203,0.4398596980581944,0.158765233945703,0.9133837518775199,0.9155774855727424
regnet,8,11,0.5679787031654383,0.3563880147370462,0.21008446538163003,0.0015062230467620674,0.4057199911676707,0.1622587119977649,0.9189701968431316,0.9228701678568605
regnet,8,12,0.5642544169102944,0.37159137833038536,0.19523014785412066,-0.002567109274211554,0.4087475873909147,0.15550682951937972,0.909691296213339,0.9144509736751957
regnet,8,13,0.6136926576304969,0.3853057345053385,0.21818248453487374,0.010204438590284637,0.4445396450199086,0.16915301261059168,0.9058736725605419,0.9122177132467258
regnet,8,14,0.5900082855985629,0.3815759158175002,0.187049627345929,0.021382742435133606,0.4448784153920472,0.1451298702065153,0.9068025507918522,0.9098065825186434
regnet,8,15,0.5576266588882036,0.3680748759630143,0.1954998330242767,-0.0059480500990873875,0.40161124135421805,0.15601541753398357,0.9113744762707845,0.9165590661150491
regnet,8,16,0.5517890721203458,0.3711377338542313,0.1791988737129766,0.0014524645531378555,0.40766399018712046,0.14412508193322446,0.9110450868270572,0.9157092413502335
regnet,8,17,0.6087571440206041,0.3868828914855709,0.2131837267971912,0.008690525737842014,0.4421949290492697,0.16656221497133428,0.9027312972673852,0.9081266963556354
regnet,8,18,0.6130891025199235,0.39065956716244415,0.20889311183336215,0.013536423524117214,0.4482078779968246,0.1648812245230959,0.9033637249993411,0.9097670557853961
regnet,8,19,0.5782095585715068,0.36577894472062417,0.2174827725601006,-0.005052158709217935,0.40989721414644986,0.1683123444250591,0.9138185459432396,0.9195433344752169
regnet,8,20,0.6097769194636031,0.38897400847768954,0.20761495287449064,0.013187958111422926,0.4476569378246264,0.1621199816389787,0.9024875490790272,0.907164879179952
regnet,8,21,0.5335408611720711,0.36040998984778033,0.17790335584565944,-0.004772484521368692,0.3910438876706677,0.14249697350140242,0.9143916835753249,0.9180676697673193
regnet,8,22,0.5868262443151011,0.38279802661875534,0.18373661831225963,0.0202915993840862,0.4420520305789921,0.1447742137361113,0.9061240085377744,0.9078829481672772
regnet,8,23,0.5983854693270523,0.4031915702266627,0.16633335681796688,0.02886054228242274,0.46739091532979404,0.13099455399725896,0.8951816912171597,0.8976586998339877
regnet,8,24,0.6196288877877145,0.3782987493079996,0.2275100078367178,0.013820130642997142,0.44541841350266576,0.1742104742850488,0.9115062320482753,0.9158278215499749
regnet,8,25,0.5800576276672651,0.3703890507863399,0.21089222756496243,-0.0012236506840371808,0.4156272901162276,0.16443033755103809,0.9116643389812642,0.9169148067142745
regnet,8,26,0.5635687402517279,0.37579209821161164,0.16751159181005143,0.020265050230064863,0.4310893488841626,0.13247939136756579,0.9074020395794357,0.9074745052570556
regnet,8,27,0.5413983385311198,0.37145860630755645,0.15945140948166722,0.01048832274189615,0.4118718443977489,0.12952649413337217,0.9083111544441225,0.9096287122190309
regnet,8,28,0.5929872130145049,0.3788381473524833,0.1901579818258289,0.02399108383619264,0.44378483308332156,0.14920237993118213,0.9071978181243248,0.9086405438878495
regnet,8,29,0.5624271650786576,0.3756104642733483,0.18292877007218658,0.0038879307331227686,0.4167593164006595,0.1456678486779972,0.9086076049434767,0.9134825687106379
regnet,9,0,0.5871699368511564,0.374339467376463,0.1882239749117966,0.024606494562896764,0.4408536037524871,0.1463163330986658,0.9088381775540858,0.909312498353053
regnet,9,1,0.5807966008566916,0.3883414695939778,0.16731608484904228,0.025139046413671484,0.4487283973863525,0.13206820347034015,0.9004189833724209,0.9020461672244329
regnet,9,2,0.5851837240654851,0.3847242618675554,0.17629091843983596,0.024168543758093852,0.44651610322227947,0.13866762084320625,0.9041279085087882,0.9070199478247121
regnet,9,3,0.5819757697630101,0.3648720853942115,0.20849774739931518,0.008605936969483419,0.41937745556421635,0.16259831419879744,0.9158936994387205,0.9196421513083348
regnet,9,4,0.5646579162661542,0.37161814441916957,0.17785607632087322,0.01518369552611143,0.4232591165154409,0.1413987997507129,0.9108606287385702,0.9136999657434979
regnet,9,5,0.5781992997463307,0.3741625636569063,0.19407893858186773,0.009957797507556654,0.425445198113724,0.1527541016326055,0.9093322617196764,0.9141808743313393
regnet,9,6,0.585832108630805,0.3724196804740211,0.20183674247881928,0.011575685677964631,0.4266129931073906,0.15921911552341608,0.9096023610635326,0.9123824079685894
regnet,9,7,0.584355413926351,0.37205979619011187,0.2004207777786353,0.011874839957603855,0.42611181114283625,0.15824360278351304,0.9127579119344384,0.9174352420353633
regnet,9,8,0.6072242573417519,0.379867921388508,0.19710627974850614,0.030250056204737752,0.45333732409759014,0.15388693324415012,0.9083836201217425,0.9105378270837177
regnet,9,9,0.5707533493424716,0.370959533949523,0.18661078202216433,0.013183033370784192,0.4236752219724492,0.14707812737002224,0.9104851247727213,0.9132717594666526
regnet,9,10,0.600032137299608,0.3824072768456453,0.18846637666872007,0.02915848378524266,0.4522551854174768,0.14777695188213197,0.9074152151571846,0.9100042161848796
regnet,9,11,0.5766171672557189,0.37217201049583865,0.18709693604946853,0.017348220710411755,0.42914826455638455,0.14746890269933202,0.9094837808637908,0.9102282010066141
regnet,9,12,0.5746959667081017,0.3701893500582104,0.20597638451928327,-0.0014697678693919025,0.4122694681457086,0.16242649856239527,0.9106300561279612,0.9164931882263039
regnet,9,13,0.5938664970281328,0.37878163688420224,0.2027537523265366,0.012331107817393883,0.43384062196787987,0.16002587506025595,0.907224169279823,0.9126986218345674
regnet,9,14,0.5895539060336794,0.37370632601357495,0.1963673369219463,0.019480243098158212,0.43714580389331764,0.15240810214036335,0.9101359719623706,0.9123297056575932
regnet,9,15,0.5900158672509599,0.3766189721285849,0.20606425750763893,0.007332637614736015,0.42850064000630106,0.16151522724465947,0.9067761996363541,0.91115049144905
regnet,9,16,0.5910698634572933,0.37212817100968654,0.2142853799693348,0.004656312478271918,0.4236266671013039,0.1674431963559955,0.9110780257714302,0.9163350812933148
regnet,9,17,0.5912002372295511,0.3694107291875931,0.20349459026483516,0.018294917777122777,0.4328962832654938,0.15830395396405328,0.9127315607789402,0.9157092413502332
regnet,9,18,0.5584922759946792,0.36896342417258826,0.19037594987885703,-0.0008470980567660824,0.40670085637216186,0.1517914196225164,0.9109265066273156,0.9161572109937021
regnet,9,19,0.589761601756669,0.3606534802201828,0.2204390508542316,0.008669070682254643,0.419781010862388,0.1699805908942795,0.9166447073704183,0.919826609396822
regnet,9,20,0.5890174126020589,0.37710104645664616,0.18877824058856535,0.023138125556847355,0.44110901486786164,0.14790839773420086,0.9080212917336425,0.9100964452291233
regnet,9,21,0.595309457520197,0.3783224841465065,0.20219871966214797,0.014788253711542576,0.4372477373947514,0.1580617201254469,0.9087722996653403,0.913153179266911
regnet,9,22,0.5703965265120727,0.3674354596324822,0.2003349169861768,0.0026261498934136984,0.4129654660346091,0.1574310604774655,0.9124614614350839,0.9167698753590346
regnet,9,23,0.5733502153202568,0.3724637706533034,0.18144288450307594,0.019443560163877383,0.4314854447662775,0.14186477055397886,0.9100173917626286,0.9121584231468551
regnet,9,24,0.5643560939079266,0.3706059485414626,0.19011209619053754,0.003638049175926472,0.4122072860600688,0.15214880784785967,0.9096353000079054,0.9133903396663944
regnet,9,25,0.5805873071721825,0.3739027029820216,0.20476757486355016,0.001917029326610753,0.4190490536778155,0.16153825349437095,0.9091280402645656,0.9141018208648449
regnet,9,26,0.5536431915686051,0.3673085748389119,0.17689450688261749,0.009440109847075773,0.4131259218872459,0.1405172696813592,0.9115325832037735,0.9141018208648448
regnet,9,27,0.5901633963968496,0.36996797658616376,0.22084017208050985,-0.0006447522698240782,0.418166303821203,0.17199709257565032,0.9120200795804897,0.9177316925347178
regnet,9,28,0.5895443799422246,0.36761389095940994,0.217501433361567,0.004429055621247735,0.42005365584744053,0.1694907240947798,0.9135220954438853,0.9183904714221719
regnet,9,29,0.5825629386476198,0.3721367082317954,0.20124864546475738,0.00917758495106702,0.42340135002105084,0.15916158862656607,0.9099383382961342,0.9137526680544943
regnet,10,0,0.5889587796716569,0.376866100848143,0.19903376911844917,0.013058909705064736,0.4320378254183924,0.15692095425326485,0.9082452765553769,0.9128501409786818
regnet,10,1,0.566537141764345,0.3667118073904735,0.1969278803446605,0.002897454029211044,0.41053846022021534,0.1559986815441294,0.9117368046588843,0.9161374476270785
regnet,10,2,0.6001806718353606,0.367938755202489,0.21710286301252213,0.015139053620349507,0.43155488495843575,0.16862578687691687,0.9139700650873541,0.9168686921921526
regnet,10,3,0.5989310555036158,0.3768152885610226,0.2108917764946487,0.011223990447944532,0.43365103249875064,0.16528002300486358,0.9077314290231626,0.911927850536246
regnet,10,4,0.5853315093311017,0.383556564241605,0.1794089404711655,0.02236600461833116,0.4434083967185138,0.14192311261258964,0.9035613586655776,0.9062821154707634
regnet,10,5,0.5845946036881904,0.3751644099981479,0.187281172754527,0.022149020935515518,0.4376441194875934,0.1469504842005969,0.9089567577538276,0.9110977891380537
regnet,10,6,0.6023223515823675,0.37562859110872915,0.20798811728226077,0.018705643191377574,0.43915483575216047,0.16316751583020017,0.910847453160821,0.915063638040528
regnet,10,7,0.5721357184336266,0.37216645915360597,0.18270757195005924,0.017261687329961473,0.4267507319214884,0.14538498651213802,0.9088447653429601,0.9102413765843632
regnet,10,8,0.5837945115696369,0.3653450022574003,0.20891192769578376,0.009537581616452795,0.4212248624529077,0.1625696491167316,0.91338375187752,0.9166051806371709
regnet,10,9,0.5751556220665454,0.3631983241695806,0.21116018746557702,0.0007971104313877486,0.4097664640896749,0.16538915797687267,0.9144377980974466,0.918891143376637
regnet,10,10,0.6075495358058162,0.3732355901344034,0.22634115382443198,0.007972791846980853,0.4317857317870753,0.17576380401874162,0.9104192468839758,0.9150175235184064
regnet,10,11,0.5746813514603961,0.37099980182480974,0.18653815923812794,0.01714339039745849,0.4281448072239673,0.14653654423642817,0.9094179029750454,0.911466705315028
regnet,10,12,0.5743602109130372,0.3667550536427914,0.20018269637271424,0.007422460897531624,0.41713527224169067,0.1572249386713449,0.9115457587815226,0.9145563782971884
regnet,10,13,0.5924090993545732,0.36974343244053204,0.21021633658534597,0.012449330328695218,0.4278751011725998,0.16453399818197098,0.9116445756146406,0.9157290047168568
regnet,10,14,0.5783086218009513,0.36714706324569907,0.19987282777022472,0.011288730785027568,0.4217496109641092,0.15655901083684545,0.9134166908218926,0.9170465624917652
regnet,10,15,0.6093523744294596,0.37321162333662483,0.22105040045269458,0.015090350640140082,0.43692919771369015,0.17242317671577184,0.9109792089383119,0.9149977601517827
regnet,10,16,0.584781529838881,0.3630263966700593,0.2100496823266784,0.01170545084214325,0.4209302280435096,0.1638513017953726,0.914905531107539,0.9179820285119502
regnet,10,17,0.5658497365463877,0.3628487998880806,0.1985759762307953,0.004424960427511837,0.4086505053977905,0.15719923114859607,0.9135220954438852,0.9167501119924109
regnet,10,18,0.5892646731024767,0.37204008702067154,0.19987267402635558,0.017351912055449503,0.4334048845928781,0.15585978850959806,0.9098461092518907,0.9116314000368917
regnet,10,19,0.5993648514809614,0.3646598766730304,0.2229695234898714,0.011735451318059642,0.4267964941431719,0.17256835733779358,0.9149878784684708,0.9178766238899576
regnet,10,20,0.5764998944170932,0.3738923559626984,0.19515587001965037,0.0074516684347444295,0.4206368081865989,0.15586308623049586,0.908245276555377,0.9120332551582386
regnet,10,21,0.590746371178761,0.36773722593136743,0.20924483940397673,0.013764305843416924,0.4275208576632971,0.1632255135154656,0.9121913620912276,0.9147408363856755
regnet,10,22,0.5822358968121114,0.3641028235592845,0.2076017024448103,0.010531370808016582,0.4190560017740425,0.16317989503806415,0.9139898284539778,0.916717173048038
regnet,10,23,0.5851431450150435,0.3715879943113625,0.20980301500172985,0.003752135701951098,0.4196809089749243,0.1654622360401233,0.9107091095944557,0.9158673482832221
regnet,10,24,0.6069924209966537,0.37142563885854146,0.22286179769823286,0.012704984439879441,0.4337285110515119,0.1732639099451422,0.9117170412922606,0.9155708977838677
regnet,10,25,0.5842734631408314,0.3709555211594541,0.1999015115541119,0.013416430427265369,0.4277102888100783,0.15656317433075298,0.9108869798940684,0.9140161796094759
regnet,10,26,0.5986950812418123,0.37996499253433735,0.19260186409132693,0.026128224616147944,0.44729054189446227,0.15140453934734774,0.9067696118474795,0.9092532082531819
regnet,10,27,0.5850103687837428,0.3783640735162207,0.1955301815913209,0.011116113676201134,0.4302620446503657,0.15474832413337683,0.9059263748715382,0.9098526970407652
regnet,10,28,0.5904205811369663,0.372536654559345,0.2104910788987743,0.007392847678846959,0.4242802735887842,0.1661403075481819,0.9097934069408945,0.9137131413212469
regnet,10,29,0.5954316877095864,0.374214165458184,0.20799811646207023,0.013219405789332228,0.4321374257573061,0.16329426195228122,0.9093190861419272,0.9132981106221507
regnet,11,0,0.5719561002949312,0.3652739183015266,0.2021893635357554,0.00449281845764915,0.41190514811405204,0.16005095218088145,0.9130543624337927,0.9174286542464887
regnet,11,1,0.5939644906716729,0.3665674550207025,0.21311351957079966,0.014283516080170755,0.427267667090642,0.16669682358103016,0.9131400036891617,0.9163680202376874
regnet,11,2,0.5923255464683609,0.36644727841418,0.2177808262325719,0.008097441821608986,0.42248425963977176,0.1698412868285896,0.912764499723313,0.9165590661150491
regnet,11,3,0.5847825103275959,0.3738004917423603,0.19096839639373298,0.0200136221915026,0.434461685106773,0.15032082522082005,0.9086010171546022,0.910432422461725
regnet,11,4,0.5930672013359966,0.36840656063281835,0.2125688681179218,0.0120917725852564,0.42696770407371176,0.16609949726228382,0.9119607894806188,0.9153469129621333
regnet,11,5,0.5880800288190097,0.3698366446701511,0.20446767056380435,0.01377571358505425,0.42747692495289424,0.16060310386611365,0.9119542016917443,0.9158475849165986
regnet,11,6,0.5790679813391968,0.3653212065438605,0.20548330026627373,0.008263474529062509,0.4176677589988718,0.16140022234032925,0.9129489578118002,0.9161374476270785
regnet,11,7,0.576753769496679,0.36618535601429325,0.20284603691340056,0.007722376568985223,0.4160668484810396,0.1606869210156364,0.9121650109357295,0.9152415083401407
regnet,11,8,0.6008986447768477,0.373033183808741,0.21252345986912194,0.015342001098984759,0.4339837967188444,0.16691484805800827,0.9102940788953595,0.9143455690532031
regnet,11,9,0.5887499430398382,0.37556981415524515,0.2023563904610695,0.010823738423523466,0.4285846412536999,0.16016530178613686,0.9078961237450263,0.9120991330469841
regnet,11,10,0.5844905643754514,0.369759124797213,0.20401268886909504,0.01071875070914341,0.4240650282182493,0.16042553615719943,0.9102282010066143,0.913324461777649
regnet,11,11,0.6014051127851773,0.37464237678635215,0.2154375711374342,0.011325164861390902,0.43233429254991945,0.16907082023525638,0.9094310785527945,0.9137592558433688
regnet,12,0,0.5879618244775632,0.3682613819974961,0.20861404713929085,0.011086395340776267,0.42377218514638465,0.16418963933117556,0.9115062320482754,0.915136103718148
resnet,1,0,0.4581575275178633,0.4581575275178633,0.0,0.0,0.4581575275178633,1.3048354935468313e-17,0.8406809138580726,0.8406809138580726
resnet,1,1,0.4958769219650663,0.4958769219650663,0.0,0.0,0.4958769219650663,1.031694549973607e-17,0.8067669767319297,0.8067669767319297
resnet,1,2,0.4853498778565469,0.4853498778565469,0.0,0.0,0.48534987785654676,1.563892225597093e-17,0.8324791167092678,0.8324791167092678
resnet,1,3,0.4779153424170403,0.4779153424170403,0.0,0.0,0.47791534241703976,1.3937801396124394e-17,0.8482469893804844,0.8482469893804843
resnet,1,4,0.521026084174808,0.521026084174808,0.0,0.0,0.521026084174808,9.428736776847377e-18,0.7835219636881077,0.7835219636881077
resnet,1,5,0.4555867601922658,0.4555867601922658,0.0,0.0,0.45558676019226557,1.205171121246912e-17,0.8496600700940736,0.8496600700940736
resnet,1,6,0.47632918186925877,0.47632918186925877,0.0,0.0,0.47632918186925866,1.4530828633746413e-17,0.8390603177949352,0.8390603177949354
resnet,1,7,0.5105715668630787,0.5105715668630787,0.0,0.0,0.5105715668630787,1.010518587755312e-17,0.807425755619384,0.807425755619384
resnet,1,8,0.5228390213678737,0.5228390213678737,0.0,0.0,0.5228390213678737,1.1443240477576792e-17,0.7833869140161797,0.7833869140161797
resnet,1,9,0.4838743504986767,0.4838743504986767,0.0,0.0,0.4838743504986767,1.3219122522325061e-17,0.829942817992569,0.829942817992569
resnet,1,10,0.4942094031074156,0.4942094031074156,0.0,0.0,0.49420940310741557,1.3487286971639246e-17,0.8185788821839838,0.8185788821839838
resnet,1,11,0.49059158877660874,0.49059158877660874,0.0,0.0,0.49059158877660874,1.3523045807145044e-17,0.8142243537379115,0.8142243537379115
resnet,2,0,0.484364547190471,0.4546250428349727,0.026096618124993098,0.003642886230505238,0.4636741261935752,0.020690420996895924,0.8363132098342512,0.8345213312603756
resnet,2,1,0.4846121141776118,0.4516637272460089,0.02772243974510238,0.005225947186500546,0.4591977064380948,0.025414407739517003,0.84409997628396,0.8424991435874463
resnet,2,2,0.4994707132959242,0.4562602755213207,0.056490848755140904,-0.01328041098053745,0.4575064272617786,0.04196428603414548,0.8384674167962265,0.8423344488655828
resnet,2,3,0.49061339991080655,0.4639583435195186,0.027780925608993316,-0.0011258692177053553,0.4663533057606426,0.024260094150163967,0.8327755672086221,0.8345147434715012
resnet,2,4,0.4801017661839677,0.4469895198574678,0.030517889540245858,0.002594356786254026,0.4529605830699863,0.0271411831139814,0.847453160821102,0.8475519776542202
resnet,2,5,0.48606237276222797,0.44815298688198324,0.045423169362671385,-0.00751378348242665,0.4500569428894367,0.03600542987279106,0.8483556878969143,0.8523083612216396
resnet,2,6,0.4568721438550646,0.4349189873756823,0.025807594925551913,-0.003854438446169617,0.4341288189516572,0.022743324903407282,0.8577894015652586,0.8592716540620305
resnet,2,7,0.4883064221835369,0.4562647815823302,0.03968551602033705,-0.007643875419130308,0.45688243119552885,0.03142399098800802,0.8385267068960975,0.8383488365964848
resnet,2,8,0.5024502173367423,0.46856046371179744,0.036945220350392015,-0.003055466725447098,0.4706315022041716,0.03181871513257064,0.8257859232127327,0.8266818624996706
resnet,2,9,0.48987563623187147,0.4642480244555075,0.027670163638370163,-0.002042551862006192,0.4646995232002215,0.025176113031649978,0.8312406124008538,0.8337242088065561
resnet,2,10,0.4868961321910533,0.44717870219468403,0.04892811322016016,-0.009210683223790872,0.44898210194010335,0.03791403025094989,0.8456678700361012,0.849824764815937
resnet,2,11,0.46803643496745184,0.4395916266019816,0.03552271043664654,-0.007077902071176312,0.43951606655089903,0.02852036841655287,0.8567287675564573,0.8603059369153336
resnet,2,12,0.48425346559682453,0.4481518770001316,0.03916927618005623,-0.0030676875833632877,0.4530323550812062,0.03122111051561822,0.8460170228464519,0.8493833829613429
resnet,2,13,0.4830791635276722,0.447051895255275,0.03327156030321637,0.002755707969180843,0.45625614501168327,0.026823018515989065,0.8447389918047905,0.8428219452422989
resnet,2,14,0.47101593900827,0.44197531078242575,0.027614690505046793,0.0014259377207974655,0.44593710519502616,0.025078833813243884,0.8478352525758254,0.8475453898653458
resnet,2,15,0.49323425537083754,0.4695670159862594,0.02337625609876178,0.000290983285816393,0.4716423102279744,0.021591945142863098,0.8229268228411816,0.8231573954517906
resnet,2,16,0.4659579710307623,0.43670704317511055,0.02622617213753824,0.003024755718113503,0.4424992522723505,0.023458718758411764,0.855668133547656,0.8552201639041872
resnet,2,17,0.4770172247414648,0.45006166476750803,0.028795707075437507,-0.001840147101480727,0.45150262212816794,0.025514602613296862,0.8375780652981635,0.8386584626735882
resnet,2,18,0.4748980816498407,0.44956814892761576,0.028392804656746522,-0.003062871934521594,0.45041940407382514,0.024478677576015503,0.8473082294658622,0.8484610925189071
resnet,2,19,0.47573184107866606,0.4460315028111329,0.03338034863075078,-0.003680010363217634,0.4475549257737113,0.028176915304954746,0.8454768241587394,0.8468339086668949
resnet,2,20,0.46675105130465305,0.4355095478968832,0.03269295972087218,-0.001451456313102284,0.4389188007979116,0.027832250506741457,0.8605628606814408,0.8618738306674748
resnet,2,21,0.4942434546400595,0.4545183061145497,0.04091106100054636,-0.0011859124750365768,0.46198079871658193,0.032262655923477976,0.8430195789085352,0.8465176948009171
resnet,2,22,0.46724335469356104,0.44290461795423847,0.024254291488851144,8.444525047140994e-05,0.4460859640014528,0.02115739069210821,0.8503320245592769,0.8508195209359931
resnet,2,23,0.46973055534547126,0.43701292566928496,0.03155857298019373,0.0011590566959925885,0.44148946207407747,0.028241093271393767,0.8536390945742971,0.8536786213075443
resnet,2,24,0.4950431625362409,0.4678714716833946,0.026110055845241054,0.001061635007605255,0.4710712916520479,0.02397187088419307,0.8270244275211468,0.8268663205881577
resnet,2,25,0.5167052941154762,0.4813414704809514,0.028930006481995073,0.006433817152529664,0.4906665551905156,0.026038738924960676,0.8129529104851247,0.8113191388442382
resnet,2,26,0.5023904849852472,0.47126233640065085,0.02578178868808004,0.005346359896516273,0.47973450679390284,0.022655978191344305,0.8263458852670691,0.825008564125537
resnet,2,27,0.4879707333165778,0.4623752460661716,0.02379434641791209,0.001801140832494108,0.4665980042639374,0.021372729052640527,0.8346794381933649,0.8351208200479592
resnet,2,28,0.4834603853229338,0.45576924048535844,0.0290114876422165,-0.0013203428046411614,0.458359314234221,0.025101071088712745,0.8376735882368442,0.840562333658331
resnet,2,29,0.5219325527713409,0.49580219849471574,0.023056480956657525,0.003073873319967557,0.5005062594251306,0.02142629334621006,0.7978602861735486,0.7959761785554296
resnet,3,0,0.4888051689805802,0.4489787435071875,0.04271216884248662,-0.0028857433690939738,0.4516794041479942,0.03712576483258611,0.8411288835015414,0.8420314105773539
resnet,3,1,0.48812795105290513,0.44569849569032416,0.04979393296358395,-0.00736447760100295,0.44628892638932516,0.04183902466357998,0.8435861287517458,0.8478154892092018
resnet,3,2,0.49827278285230486,0.4520455457526412,0.058961241256649484,-0.012734004156985834,0.450321150664458,0.04795163218784678,0.83870457719571,0.8435070752852512
resnet,3,3,0.4942719256968417,0.4442247760394477,0.05884017351766287,-0.008793023860268867,0.44595114949090686,0.048320776205934786,0.8463200611346808,0.8488365964847557
resnet,3,4,0.4809861731339626,0.4504550188470017,0.03085446441989047,-0.00032331013292957733,0.4528281787396251,0.028157994394337457,0.84079290626894,0.8413067538011543
resnet,3,5,0.48732090740787354,0.44660519146022354,0.04390514096524346,-0.00318942501759345,0.45050365220060185,0.03681725520727175,0.8454504730032412,0.8452726027036286
resnet,3,6,0.4882020054486695,0.4529345582411444,0.035526612905497024,-0.00025916569797196365,0.45737130459919584,0.030830700849473584,0.8353777438140663,0.8350747055258373
resnet,3,7,0.48237985692408797,0.43753868991400885,0.04484575300269585,-4.585992616712442e-06,0.4430024129271886,0.03937744399689941,0.8556154312366597,0.8574007220216607
resnet,3,8,0.49658659733791377,0.45546556038608893,0.04539234580712655,-0.004271308855301692,0.4572086351319117,0.03937796220600203,0.8351735223589554,0.8364054388784948
resnet,3,9,0.5080007256691871,0.46880805250813234,0.035934325034738916,0.0032583481263158687,0.4751370519070995,0.03286367376208748,0.8236185406730085,0.821813486521384
resnet,3,10,0.49052937922078194,0.4537096335920375,0.03918624745909531,-0.0023665018303508645,0.45563342463189177,0.03489595458889006,0.8352196368810771,0.8343105220163904
resnet,3,11,0.4983483750673996,0.456272789546521,0.047149213917224854,-0.005073628396346286,0.45785003645244654,0.040498338614953014,0.8337307965954307,0.8348704840707264
resnet,3,12,0.47493699618249646,0.4346496740789188,0.03851741514783921,0.0017699069557384761,0.43992266303684896,0.035014333145647544,0.8559514084692614,0.8553585074705526
resnet,3,13,0.49970327926030017,0.46046757155136187,0.04117014767401607,-0.00193443996507775,0.46281526121630806,0.03688801804399209,0.8330720177079766,0.8329797886637329
resnet,3,14,0.4724219399726905,0.43465858025570214,0.034401566546128554,0.0033617931708597726,0.44179710600145683,0.030624833971233653,0.8558789427916413,0.8545547972278584
resnet,3,15,0.4882720303831259,0.4444915997278928,0.041753174825288224,0.0020272558299448407,0.4536792334172908,0.03459279696583507,0.8494426730612137,0.85122137605734
resnet,3,16,0.4759038352389073,0.4367155384371036,0.047202340656785614,-0.008014043854981945,0.43611388072599094,0.0397899545129164,0.8571997944609872,0.8606221507813118
resnet,3,17,0.4866052723772774,0.44985377377397845,0.034078279567099266,0.0026732190361997143,0.45514505794590004,0.031460214431377365,0.8421961052992174,0.8419457693219847
resnet,3,18,0.5007994341106121,0.4609209288142714,0.04122761029352833,-0.0013491049971875446,0.46409169660495886,0.03670773750565315,0.8345213312603758,0.8346003847268701
resnet,3,19,0.4778901712661194,0.44095453759767306,0.03879945004117723,-0.0018638163727309198,0.44296623729754186,0.03492393396857753,0.8506745895807531,0.851425597512451
resnet,3,20,0.47803299805033966,0.44450143849900886,0.03076954479286429,0.002762014758466491,0.4500075844996773,0.028025413550662327,0.8450552056707687,0.8447455795936651
resnet,3,21,0.4881778298497394,0.4486265236972546,0.04120695438430546,-0.0016556482318206278,0.45376546842327836,0.034412361426461015,0.8410761811905452,0.8398640280376294
resnet,3,22,0.5067314291373135,0.4644239516682097,0.048587899903805964,-0.006280422434702171,0.4658820218132691,0.040849407324044386,0.8262108355951409,0.827683206408601
resnet,3,23,0.49550434449874475,0.46144411052369266,0.02955489335798379,0.00450534061706831,0.46892078995301106,0.02658355454573377,0.8338823157395452,0.8334343460960764
resnet,3,24,0.4856996513699039,0.43915685555019845,0.05794862035705575,-0.011405824537350284,0.4399964625065528,0.04570318886335107,0.8501805054151623,0.8533887585970645
resnet,3,25,0.5037753102159975,0.4539746816228614,0.05635543434155548,-0.006554805748419379,0.4574908499692402,0.04628446024675734,0.8399364937152494,0.842762655142428
resnet,3,26,0.5072601493199074,0.45877145934001257,0.061195644503785174,-0.012706954523890368,0.45754442723669264,0.04971572208321468,0.8341721784500251,0.8382895464966139
resnet,3,27,0.49901335920158457,0.4653204067885538,0.03130321923262902,0.002389733180401754,0.4705942203957394,0.02841913880584515,0.8266752747107962,0.8263195341115708
resnet,3,28,0.4895584474609003,0.45665172300208845,0.03264156164070439,0.0002651628181074561,0.4592720594296974,0.030286388031202937,0.837611004242536,0.8376768821312816
resnet,3,29,0.5002192973118536,0.46398353591517283,0.034142805833760385,0.002092955562920329,0.4694547671808859,0.03076453013096758,0.8294816727713511,0.8285659701177897
resnet,4,0,0.4794933361624239,0.44013918632002685,0.03744569908980027,0.0019084507525967687,0.44489875368099735,0.034594582481426585,0.8482041687527998,0.8476112677540909
resnet,4,1,0.49133163257311924,0.4438677723477904,0.04933224304285799,-0.0018683828175291572,0.4492865134781947,0.04204511909492457,0.8464254657566735,0.8455097631031121
resnet,4,2,0.512161518878294,0.4700502630862833,0.03972365420342715,0.0023876015885835322,0.47575137555075653,0.03641014332753751,0.8233089145959052,0.8219979446098711
resnet,4,3,0.4826296968241648,0.4360002637452885,0.05005926062423626,-0.003429827545359976,0.4396475910085263,0.042982105815638445,0.8532174760863264,0.855266278426309
resnet,4,4,0.48703689261687017,0.4466548878373051,0.040800914432414154,-0.00041890965284913095,0.45075591966283934,0.03628097295403078,0.8424991435874464,0.8433489683522623
resnet,4,5,0.49635248433338086,0.45090918797713164,0.056002883351207275,-0.01055958699495807,0.4487016569108003,0.04765082742258052,0.8390669055838098,0.843770586840233
resnet,4,6,0.480218465454732,0.4387930149164077,0.04749113403178448,-0.00606568349346015,0.4389289721221265,0.041289493332605495,0.8506021239031332,0.8542912856728767
resnet,4,7,0.48940234831320273,0.44799758773659043,0.05037670717985592,-0.00897194660324363,0.4461632891423361,0.04323905917086664,0.8437771746291074,0.8440406861840892
resnet,4,8,0.4786246628737608,0.43327381581198093,0.055651308582810886,-0.010300461521030979,0.43217520280328026,0.046449460070480494,0.858059500909115,0.8601544177712193
resnet,4,9,0.5019691318765596,0.45769561350720966,0.0431834488879035,0.0010900694814464096,0.4624855111516527,0.03948362072490673,0.8331708345410946,0.8315370629002081
resnet,4,10,0.4929254351540905,0.4528999153804233,0.039971713177180505,5.3806596486682956e-05,0.4576047133535044,0.03532072180058607,0.8384278900629794,0.8394292339719098
resnet,4,11,0.4923174841912883,0.45321965058875335,0.04362239066859334,-0.004524557066058421,0.45341171309623374,0.03890577109505458,0.8373145537431816,0.8373738438430526
resnet,4,12,0.4787268608374542,0.4398442924356749,0.039733535150931455,-0.0008509667491521933,0.443864817196426,0.034862043641028115,0.8481580542306779,0.84798677171994
resnet,4,13,0.49595594419643546,0.45514680277890635,0.046434775712690134,-0.005625634295160997,0.4554712558521066,0.04048468834432883,0.8338098500619252,0.8356939576800443
resnet,4,14,0.49018695533737,0.4483440877392504,0.04545848307242769,-0.0036156154743080537,0.44904967957480185,0.04113727576256812,0.839943081504124,0.8399299059263748
resnet,4,15,0.4710707181717009,0.4338339230697577,0.04083287043011508,-0.0035960753281719104,0.43507144652633145,0.035999271645369424,0.8566563018788375,0.857354607499539
resnet,4,16,0.4969850429220409,0.4536611086344994,0.04526435590316195,-0.001940421615620469,0.455842286299163,0.04114275662287787,0.8381314395636248,0.8381973174523702
resnet,4,17,0.4894962656310255,0.44679364909601604,0.04657682210081538,-0.0038742055658059216,0.4481414404001374,0.04135482523088805,0.8475058631320984,0.8475519776542202
resnet,4,18,0.4934073822636067,0.44902701639941817,0.04585709894921439,-0.0014767330850258276,0.45360984823193135,0.03979753403167531,0.8394094706052861,0.8382104930301193
resnet,4,19,0.4705628047259446,0.42921012096902,0.04626911406486855,-0.004916430307943975,0.43036596472864247,0.04019683999730202,0.8590871959735434,0.861840891723102
resnet,4,20,0.48673317818844714,0.43835346935814584,0.056310603454124905,-0.007930894623823626,0.4389175176166708,0.047815660571776275,0.8515771166565654,0.8536390945742971
resnet,4,21,0.4793249174391292,0.43571772783751567,0.04918456735177751,-0.005577377750163981,0.4369091965761712,0.042415720862958015,0.8542122322063823,0.8581187910089857
resnet,4,22,0.4803977897451256,0.44033747794281347,0.03947801326991152,0.0005822985324006047,0.44448442780428044,0.03591336194084514,0.8495941922053282,0.8491593981396085
resnet,4,23,0.4831150577607673,0.442462667646487,0.04700685992429046,-0.006354469810010144,0.4416806670656789,0.04143439069508827,0.8474202218767293,0.8485664971408997
resnet,4,24,0.4906083558776799,0.44071147347824297,0.0539321050360814,-0.004035222636644464,0.4456560424455781,0.04495231343210189,0.8518603915781706,0.8536588579409208
resnet,4,25,0.5044143424811971,0.456075550774567,0.06023506594026993,-0.011896274233639814,0.45321020235527265,0.05120414012592439,0.835654430946797,0.8399364937152495
resnet,4,26,0.4869226357215801,0.44141300983794135,0.055365573935217655,-0.009855948051578856,0.4407107014926411,0.04621193422893898,0.8476046799652165,0.8505494215921369
resnet,4,27,0.48903124427189026,0.4444442904123786,0.04051592343174237,0.0040710304277692955,0.45298756329070083,0.03604368098118938,0.8463266489235554,0.8451408469261377
resnet,4,28,0.4899131453454382,0.44683530797615667,0.047343827731639,-0.004265990362357475,0.4479375800747582,0.04197556527067992,0.8451013201928905,0.845496587525363
resnet,4,29,0.5028735854592612,0.4578107304695658,0.0442832647177555,0.0007795902719399672,0.4626577447806852,0.04021584067857593,0.8351274078368337,0.8330390787636037
resnet,5,0,0.4813952951438525,0.4370564278296905,0.051179625570312935,-0.006840758256150936,0.4377135062310058,0.043681788912846596,0.8503649635036495,0.8508656354581148
resnet,5,1,0.4912534314693689,0.4407892997765014,0.06066059449620829,-0.0101964628033408,0.4413843627663646,0.04986906870300418,0.8486257872407705,0.8507602308361222
resnet,5,2,0.4763491910399303,0.43189825127500503,0.05275763492399677,-0.008306695159071509,0.4305159895235619,0.045833201516368424,0.8571767371999262,0.8601214788268465
resnet,5,3,0.5006832079272217,0.46020664586014726,0.040454713998426164,2.1848068648244734e-05,0.46419038509297844,0.03649282283424327,0.831826925610688,0.8317610477219427
resnet,5,4,0.4906288574527659,0.44813749577213186,0.04693042578778117,-0.004439064107147117,0.44835127825777943,0.04227757919498646,0.841181585812538,0.8416493188226304
resnet,5,5,0.48402780490800656,0.4436626219189212,0.04362684111340468,-0.0032616581243193332,0.4440086994603745,0.0400191054476321,0.8461224274684445,0.8477034967983346
resnet,5,6,0.49092396292434,0.44893490926175805,0.04535010838394098,-0.003361054721359058,0.45073725170252255,0.04018671122181746,0.8410761811905452,0.8413989828453978
resnet,5,7,0.49580222933978196,0.45070959939945554,0.04965572365067,-0.004563093710343524,0.45182075093640733,0.04398147840337462,0.8427033650425572,0.842288334343461
resnet,5,8,0.5047321801521969,0.45662245790414774,0.04725168188560945,0.0008580403624397492,0.462219311102152,0.04251286905004487,0.83518011014783,0.8332301246409656
resnet,5,9,0.49639679606553155,0.4426600639438636,0.062177337059200866,-0.008440604937532958,0.4439985606197931,0.05239823544573838,0.846893198766766,0.8488958865846268
resnet,5,10,0.48501335435215776,0.43541728132004387,0.056784358050429154,-0.007188285018315255,0.4375730167521428,0.0474403376000149,0.8539618962291496,0.8556220190255344
resnet,5,11,0.48994730954727855,0.44052119815342267,0.0560840855436597,-0.006657974149803791,0.4420104367331411,0.04793687281413734,0.848461092518907,0.8509117499802367
resnet,5,12,0.47320298724250864,0.4321956160342452,0.0406039610153163,0.0004034101929470957,0.43663693178061896,0.03656605546188965,0.8549961790824528,0.8552399272708109
resnet,5,13,0.4872857322997812,0.4423462524964881,0.04799338573153185,-0.0030539059282387315,0.44452789612899046,0.0427578361707907,0.8470677751719413,0.8474202218767293
resnet,5,14,0.4821988880236505,0.4346839887151028,0.04859857286651174,-0.0010836735579640155,0.4404034819196719,0.0417954061039786,0.8542122322063822,0.8556022556589106
resnet,5,15,0.48737700234379167,0.44305047888075755,0.04764117671955383,-0.003314653256519695,0.445667793615297,0.041709208728494644,0.8473148172547367,0.8471632981106222
resnet,5,16,0.49455898311408575,0.45121229898377685,0.04412232916265253,-0.0007756450323436193,0.45535588515527486,0.039203097958810926,0.8387375161400827,0.8379272181085141
resnet,5,17,0.4834936161891138,0.4418448789919433,0.04280235245676432,-0.0011536152595938431,0.44442155225951874,0.03907206392959506,0.8476046799652166,0.8473806951434819
resnet,5,18,0.48616141265049306,0.4354823289070172,0.05721828517753149,-0.006539201434055619,0.43604235011994363,0.05011906253054939,0.8532635906084483,0.8550159424490764
resnet,5,19,0.48343660435493135,0.4377612991204819,0.049444832060258945,-0.0037695268258094994,0.44136871685567686,0.04206788749925452,0.8530330179978394,0.8549830035047037
resnet,5,20,0.4927385722546543,0.44418229113514995,0.05564378272509003,-0.007087501605585689,0.44499131965191707,0.047747252602737204,0.8474202218767294,0.8491857492951066
resnet,5,21,0.49045251373936105,0.43943622779384783,0.055454257824074225,-0.004437971878560987,0.4431120097374089,0.04734050400195217,0.8526970407652376,0.8533031173416954
resnet,5,22,0.4861383633209126,0.44131864451558894,0.04611751697375911,-0.001297798168435449,0.44662343217253764,0.039514931148374885,0.847453160821102,0.8466362750006589
resnet,5,23,0.4861392860125108,0.43952064551871284,0.04862128487771808,-0.0020026443839201713,0.4432239645637021,0.042915321448808705,0.8494953753722101,0.8490012912066195
resnet,5,24,0.49224069045150864,0.4446668946855615,0.051038998142201884,-0.0034652023762546946,0.44779938317540136,0.04444130727610729,0.8451540225038867,0.8450156789375213
resnet,5,25,0.4853339268300969,0.4434891192815135,0.047384310085868804,-0.005539502537285412,0.44288872507071403,0.04244520175938289,0.847281878310364,0.8481646420195527
resnet,5,26,0.501694224377738,0.45865523670481706,0.04530499432032702,-0.0022660066474060603,0.46131643283490814,0.040377791542829826,0.8307465282352631,0.8305093678357796
resnet,5,27,0.4905629874967918,0.4487216282157507,0.04404140512249357,-0.002200045841452447,0.4507077304658789,0.03985525703091287,0.8402065930591056,0.8399430815041239
resnet,5,28,0.488396260860721,0.4462269771830043,0.04795697027839354,-0.0057876866006768,0.44653365324177235,0.04186260761894864,0.8411618224459142,0.8424925557985719
resnet,5,29,0.49788193685081694,0.44561739832963426,0.05756675019716039,-0.005302211675977664,0.4475337443859089,0.050348192464908,0.845483411947614,0.8467746185670242
resnet,6,0,0.48422055132144304,0.43397370491318477,0.05636894985450668,-0.006122103446248417,0.4356255674482559,0.04859498387318709,0.8542056444175077,0.8556154312366597
resnet,6,1,0.4984092983904039,0.4479718623620757,0.05819770128772489,-0.007760265259396715,0.4469353724375195,0.05147392595288432,0.8422685709768374,0.8446862894937943
resnet,6,2,0.49953610848145846,0.4493284755082802,0.05841713145446393,-0.008209498481285715,0.4485018275808278,0.05103428090063069,0.8427363039869298,0.8450617934596433
resnet,6,3,0.4942335760480247,0.44375658050625544,0.053967217658364756,-0.0034902221165954983,0.44822272030918947,0.046010855738835225,0.8472489393659912,0.8482371076971726
resnet,6,4,0.5017208558731636,0.4536363563703572,0.04954035644740344,-0.0014558569445970448,0.45810690560132633,0.04361395027183727,0.8377229966534032,0.8370444543993254
resnet,6,5,0.48126811352640386,0.4358988168375006,0.04674156334720172,-0.0013722666582984266,0.43898875082073485,0.04227936270566901,0.8519394450446652,0.852532346043374
resnet,6,6,0.4877614564282715,0.4430723856203284,0.04775590822953183,-0.003066837421588753,0.4460994736774213,0.04166198275085019,0.8462739466125588,0.8462871221903081
resnet,6,7,0.48654660357758955,0.43802148839908456,0.056076984509023514,-0.00755186933051849,0.43820857973035676,0.04833802384723286,0.8526575140319903,0.8543769269282459
resnet,6,8,0.4834190835154599,0.44122778441780464,0.043832655715813684,-0.001641356618158396,0.44391088693328945,0.039508196582170425,0.847150122532873,0.8475124509209729
resnet,6,9,0.4928331693187902,0.4426550870775719,0.0576685983317596,-0.007490516090541299,0.44259269288748926,0.05024047643130082,0.848533558196527,0.8500751007931698
resnet,6,10,0.48149409846172136,0.4322536598479389,0.05599546430839748,-0.006755025694615002,0.4320850243012319,0.04940907416048947,0.8556022556589106,0.8575193022214024
resnet,6,11,0.4966683507572955,0.44812187485233085,0.051762644163083904,-0.0032161682581192674,0.4506614040279469,0.046006946729348575,0.8414187462120215,0.8407467917468181
resnet,6,12,0.4907146631329759,0.43987758284328876,0.05963671085203675,-0.008799630562349614,0.44022401834614666,0.05049064478682923,0.8495217265277082,0.8513465440459563
resnet,6,13,0.4978433565331515,0.4517716660630009,0.04839888579230213,-0.002327195322151532,0.45437765727505447,0.04346569925809702,0.8377625233866506,0.8360101715460223
resnet,6,14,0.4951071945347017,0.4464192016003477,0.0542695070263079,-0.005581514091953899,0.44855229638738237,0.0465548981473193,0.8442580832169491,0.8465506337452897
resnet,6,15,0.4874216939831131,0.4416815350705781,0.05269435220886923,-0.006954193296334288,0.44172266390054443,0.04569903008256862,0.8475519776542201,0.8472752905214894
resnet,6,16,0.48794476533255793,0.4423481372871975,0.049393545501612304,-0.0037969174562518804,0.44336495692419325,0.0445798084083647,0.8448509842156577,0.8454768241587394
resnet,6,17,0.4978135997133353,0.4459637750950798,0.05946243292654195,-0.007612608308286473,0.44582598000383555,0.05198761970949976,0.8447521673825398,0.8468734354001424
resnet,6,18,0.4906582329068569,0.4404130972037186,0.055096503812123755,-0.004851368108985454,0.44207958301803624,0.04857864988882065,0.8483227489525417,0.8497852380826899
resnet,6,19,0.4868245233871981,0.4377022712151437,0.05724052691959013,-0.008118274747535736,0.43754055429314687,0.04928396909405109,0.8520646130332814,0.8537906137184116
resnet,6,20,0.48216519949265146,0.4395457813599846,0.04458336849802043,-0.001963950365353573,0.4417321779279152,0.04043302156473627,0.8493636195947192,0.8491791615062321
resnet,6,21,0.49120573589912403,0.44129789737497577,0.05485077132514243,-0.004942932800994171,0.44363056856976535,0.04757516732935868,0.8490605813064903,0.850417665814646
resnet,6,22,0.4928892134951206,0.44891117396429203,0.04559573773248638,-0.0016176982016578023,0.45231053572191016,0.04057867777321043,0.8425781970539408,0.8426704260981843
resnet,6,23,0.49123696557275554,0.4415027105238641,0.05692588237496732,-0.007191627326075867,0.4418725130757327,0.04936445249702283,0.8465769849007879,0.8487180162850141
resnet,6,24,0.48031197271067994,0.43592321642522375,0.04533206830026249,-0.0009433120148062968,0.4405054898885184,0.03980648282216161,0.8516364067564364,0.8514980631900708
resnet,6,25,0.49324954274025795,0.44317921677856364,0.05833685240434426,-0.008266526442649968,0.4430420242813774,0.05020751845888052,0.8481448786529289,0.84978523808269
resnet,6,26,0.4877964688954997,0.43669361297762793,0.053545015266188524,-0.0024421593483167636,0.4425415882693464,0.0452548806261534,0.8528814988537247,0.853151598197581
resnet,6,27,0.49464372084654057,0.4519071160500188,0.04596565124980706,-0.0032290464532853114,0.4532448479539902,0.04139887289255029,0.8389417375951936,0.8396532187936441
resnet,6,28,0.4974667172929916,0.45106945409391863,0.05074397649466856,-0.004346713295595606,0.4531658579125304,0.044300859380461056,0.8373738438430526,0.8377032332867796
resnet,6,29,0.4800660514843682,0.43457609562857974,0.04828666065259327,-0.0027967047968048275,0.43716068875961556,0.04290536272475263,0.8525652849877468,0.8526509262431159
resnet,7,0,0.49002870056678327,0.43881500518778666,0.0565913191249837,-0.0053776237459871035,0.4407558660627403,0.049272834504042975,0.8511357348019711,0.8520646130332815
resnet,7,1,0.4939893495658305,0.4414051402978397,0.058340767672885145,-0.005756558404894363,0.4432403116461618,0.05074903791966861,0.8478813670979471,0.8494031463279665
resnet,7,2,0.48178048929152695,0.4373688241689174,0.04551181464374584,-0.0011001495211362955,0.4412971393801634,0.040483349911363514,0.8499762839600516,0.8503320245592769
resnet,7,3,0.4986716209210167,0.45380035736656205,0.04813701440389632,-0.0032657508494416954,0.4549012903124912,0.04377033060852543,0.8376966454979051,0.837755935597776
resnet,7,4,0.48739392081282235,0.44125945189712706,0.0509368461201534,-0.004802377204458141,0.4429320694618126,0.04446185135100974,0.8476310311207147,0.8475783288097183
resnet,7,5,0.48723961087158074,0.4375388845846758,0.05601320772105465,-0.006312481434149753,0.43849095053039255,0.048748660341188216,0.851695696856307,0.8535995678410498
resnet,7,6,0.4909883060350592,0.4422398296174933,0.0543937443553376,-0.005645267937771703,0.44364777265120475,0.0473405333838545,0.8479670083533163,0.8497457113494427
resnet,7,7,0.49479117338488215,0.44509060230519126,0.05344821004349025,-0.0037476389637993712,0.44747605371867444,0.0473151196662077,0.8453582439589975,0.8468866109778913
resnet,7,8,0.49127854228977713,0.4438841551862892,0.05014892551311288,-0.0027545384096249736,0.4473564561660783,0.04392208612369894,0.8462805344014335,0.8460104350575772
resnet,7,9,0.4950293903645466,0.4457741955042,0.053737327253524564,-0.004482132393178018,0.44747986995493794,0.04754952040960858,0.8441856175393292,0.8456876334027247
resnet,7,10,0.4833105705539634,0.4346169215116064,0.05547401382117328,-0.006780364778816272,0.43393931468433045,0.04937125586963303,0.8539487206514006,0.8560304619357559
resnet,7,11,0.48663887321447125,0.4414997773102669,0.048953557963952024,-0.0038144620597476697,0.44383429974304794,0.04280457347142331,0.8472555271548657,0.8470974202218768
resnet,7,12,0.4926919383994518,0.4441557238129975,0.05484532929607139,-0.006309114709617092,0.4439652763867644,0.04872666201268741,0.845799625813592,0.8482898100081688
resnet,7,13,0.4945165411554872,0.4422625893123001,0.05791380059593497,-0.005659848752747887,0.44368298791081656,0.05083355324467056,0.8470842446441276,0.8484940314632797
resnet,7,14,0.4913555585101447,0.4438737428793006,0.05270641703111171,-0.005224601400267648,0.445259653974144,0.04609590453600056,0.8451869614482594,0.8474465730322274
resnet,7,15,0.48772364526530054,0.4388911973281722,0.052294775518080434,-0.003462327580952107,0.4408530391988609,0.04687060606643967,0.8503781390813987,0.8507009407362514
resnet,7,16,0.4843922446545707,0.4348553795114022,0.05356885133745374,-0.004031986194285242,0.43720247679758883,0.0471897678569819,0.8529737278979683,0.8542583467285041
resnet,7,17,0.48619774612858435,0.43689427557606153,0.053931956704808125,-0.004628486152285283,0.43849153036254807,0.04770621576603627,0.8529276133758465,0.8544098658726187
resnet,7,18,0.4905234946914261,0.4442067736375133,0.04831859359200449,-0.002001872538091698,0.44806025727100707,0.04246323742041904,0.8458391525468393,0.8455690532029829
resnet,7,19,0.49251420517177547,0.4450436464365093,0.05253409036546533,-0.005063531630199125,0.44615091890420866,0.04636328626756685,0.8445874726606761,0.844561121505178
resnet,7,20,0.4830632021420782,0.43727687835493895,0.05149226000747211,-0.00570593622033283,0.43734615067137156,0.04571705147070668,0.8496732456718228,0.8504769559145169
resnet,7,21,0.49803172558822545,0.45182889036230617,0.050304935334614824,-0.00410210010869555,0.45301733656073606,0.04501438902748929,0.8386123481514663,0.8389153864396953
resnet,7,22,0.4861173107981443,0.4361870309544542,0.05498304753292099,-0.005052767689230908,0.4380840732871538,0.0480332375109904,0.8535600411078026,0.8545811483833567
resnet,7,23,0.4861764757534405,0.43789774715850144,0.05230904683803006,-0.0040303182430910245,0.43967809992521717,0.04649837582822336,0.8497654747160662,0.8498313526048118
resnet,7,24,0.4853959223095327,0.43296269942464327,0.057403601581882645,-0.004970378696993183,0.4351305303715557,0.050265391937976904,0.8553058051595561,0.8565574850457192
resnet,7,25,0.491537533317358,0.44328892293481814,0.05083348679716957,-0.002584876414629733,0.4465092059320014,0.045028327385356545,0.8472555271548659,0.8467680307781497
resnet,7,26,0.49298266702521737,0.4466470487073331,0.047749738368574754,-0.001414120050690526,0.44973175391387793,0.04325091311133943,0.8432699148857677,0.8420643495217265
resnet,7,27,0.487076859114454,0.4410757548384064,0.04861147500207909,-0.0026103707260314857,0.4437672248798735,0.043309634234580494,0.8468602598223933,0.8468536720335187
resnet,7,28,0.4978209359656725,0.45122589051946055,0.051401061315481715,-0.004806015869269709,0.45131948663630334,0.04650144932936915,0.8382170808189938,0.8391459590503044
resnet,7,29,0.4946736637392842,0.4437843419593299,0.05874636078577244,-0.00785703900581819,0.4444582077330942,0.050215456006189936,0.844962976626525,0.847051305699755
resnet,8,0,0.48465474733121805,0.4366649268037719,0.05613583782496498,-0.008146017297518848,0.4348891446876834,0.04976560264353468,0.8521897810218978,0.8542254077841314
resnet,8,1,0.4914518239473161,0.4426126235823666,0.05189626449622735,-0.00305706413127782,0.4451775131569116,0.0462743107904045,0.847828664786951,0.8468141453002713
resnet,8,2,0.4921070378123238,0.44496267777658693,0.05102819473847848,-0.0038838347027416176,0.44615959754864704,0.04594744026367672,0.8450552056707687,0.8443898389944399
resnet,8,3,0.48941506636101917,0.4367520619674273,0.05829560726205978,-0.005632602868467895,0.4386601571754489,0.05075490918557026,0.8521766054441489,0.8526575140319902
resnet,8,4,0.4877936293082956,0.4423601964001853,0.04993480689066536,-0.004501373982555068,0.4436301575474567,0.04416347176083894,0.8460334923186381,0.8463661756568026
resnet,8,5,0.4833672138983137,0.4359865328033063,0.05013720705533956,-0.002756525960332157,0.43810224479649396,0.04526496910181974,0.8524532925768795,0.8523083612216396
resnet,8,6,0.4830985636169326,0.4327308734428498,0.05747886851321122,-0.007111178339128388,0.432506681092122,0.05059188252481064,0.8556747213365306,0.857440248754908
resnet,8,7,0.4858363640784619,0.435277435797257,0.05543017782488662,-0.004871249543681677,0.43736670518010307,0.04846965889835886,0.853625918996548,0.8546074995388548
resnet,8,8,0.47999695147296273,0.4349266667744641,0.04755450152316303,-0.0024842168246644314,0.43677887776413327,0.0432180737088295,0.852835384331603,0.8536193312076734
resnet,8,9,0.4865923361758345,0.43617683332160306,0.0562927675368119,-0.005877264682580485,0.43734239960606924,0.04924993656976521,0.8516166433898127,0.8535073387968063
resnet,8,10,0.48854287787872586,0.4357618100733383,0.05694491042617214,-0.004163842620784619,0.43860110358565524,0.04994177429307063,0.8532701783973228,0.8539618962291496
resnet,8,11,0.4904809074702272,0.4395710503910507,0.05775157878012327,-0.006841721700946768,0.44041101320697124,0.05006989426325602,0.8503122611926532,0.8514980631900709
resnet,8,12,0.4846830944118786,0.43815925774721903,0.05108438660050468,-0.004560549935845093,0.438486142759164,0.04619695165271464,0.8498445281825608,0.8506745895807531
resnet,8,13,0.49509272129888804,0.4482967766280932,0.049720637445622745,-0.002924692774827875,0.4509924754657431,0.044100245833144994,0.8407665551134418,0.8400155471817439
resnet,8,14,0.4851858672186384,0.4374705691152595,0.049663204703448406,-0.0019479066000695489,0.4412666352127168,0.043919232005921516,0.8501212153152916,0.8497984136604391
resnet,8,15,0.4921181338994919,0.4428302172070266,0.0579889302341792,-0.008701013541713931,0.4414692925966802,0.05064884130281165,0.8460367862130755,0.8486257872407704
resnet,8,16,0.4908262523233995,0.44020103375105174,0.05884416606960995,-0.008218947497262208,0.4392870890208644,0.05153916330253507,0.8476046799652165,0.8496864212495718
resnet,8,17,0.49174063616546404,0.445689520536603,0.0479652728968964,-0.0019141572680353436,0.44868127745140374,0.04305935871406019,0.8433357927745131,0.8430986323750297
resnet,8,18,0.4958274275203589,0.44873758049538526,0.048717604340031154,-0.0016277573150574876,0.4518978388594409,0.043929588660918104,0.8413989828453977,0.839943081504124
resnet,8,19,0.4880111806078301,0.4410600307285476,0.051858389980159854,-0.004907240100877341,0.44225899157032705,0.045752189037503,0.8481580542306779,0.8484545047300325
resnet,8,20,0.49090098138072247,0.4427268650244472,0.05019174430517026,-0.0020176279488949844,0.44582948369858844,0.04507149768213407,0.8462410076681862,0.8455954043584811
resnet,8,21,0.48243789696837536,0.4327597326015782,0.05550022260091062,-0.00582205823411347,0.4333032236740972,0.04913467329427818,0.8552926295818072,0.857150386044428
resnet,8,22,0.4865017477322033,0.43967255569407815,0.05125696707674408,-0.004427775038618964,0.4410256024714062,0.04547614526079712,0.8477034967983347,0.8479604205644418
resnet,8,23,0.48687005230681435,0.4416714621030712,0.046140308256941,-0.0009417180531978153,0.4450572965929585,0.04181275571385593,0.8463991146011752,0.8459774961132045
resnet,8,24,0.4907171177258452,0.44221868630805633,0.05248150583181965,-0.003983074414030785,0.4448560462960319,0.04586107142981332,0.8469524888666368,0.8465045192231679
resnet,8,25,0.4914629200344841,0.4406779751120851,0.05841952503237587,-0.007634580109976863,0.4408722000478915,0.05059071998659259,0.8486587261851433,0.8505494215921368
resnet,8,26,0.48111290501248233,0.4326130789647158,0.05290981913123429,-0.004409993083467734,0.43427864343126654,0.046834261581215744,0.854561385016733,0.8563071490684866
resnet,8,27,0.4790676345430245,0.4316293128111114,0.0529441580530972,-0.005505836321184121,0.4318113385247981,0.047256296018226326,0.8559448206803868,0.858316424675222
resnet,8,28,0.48715224459202683,0.4373709938805245,0.05713753824447593,-0.007356287532973571,0.4370283967698011,0.05012384782222578,0.8515244143455691,0.8530198424200901
resnet,8,29,0.48636672653361684,0.4360914626441239,0.0550499486843097,-0.0047746847948167415,0.43748421856511,0.048882507968506836,0.8513399562570818,0.852993491264592
resnet,9,0,0.4855894437273286,0.43610128055991687,0.053066691555399996,-0.003578528387988278,0.4383507324017563,0.0472387113255724,0.8527233919207355,0.8540673008511424
resnet,9,1,0.485875084541284,0.4374519630498958,0.05164217750739961,-0.003219056016011468,0.4397546160625477,0.04612046847873628,0.8505757727476349,0.8521107275554034
resnet,9,2,0.48885471577099415,0.4390744503102019,0.054109681572513106,-0.004329416111720885,0.4412273694072221,0.0476273463637721,0.8491001080397376,0.8501475664707898
resnet,9,3,0.4903341048276613,0.4376757043783618,0.059535749971801354,-0.006877349522501797,0.4382115337149378,0.05212257111272358,0.8514585364568237,0.852822208753854
resnet,9,4,0.4827452928075705,0.4330202907156882,0.055389858298864086,-0.005664856206981761,0.4340092195230324,0.04873607328453808,0.8543966902948694,0.8559711718358851
resnet,9,5,0.4918505045935284,0.43995635237268904,0.056301297854486405,-0.004407145633647025,0.44252134467737325,0.049329159916155156,0.8484545047300325,0.8491132836174866
resnet,9,6,0.4877358314117655,0.4383187885607055,0.055618508762326185,-0.006201465911266191,0.4379294049815622,0.04980642643020329,0.8502727344594061,0.8519526206224144
resnet,9,7,0.4879130527518611,0.437520903941683,0.05781244812315394,-0.0074202993129758865,0.4367193792186746,0.05119367353318645,0.8512016126907165,0.8529407889535956
resnet,9,8,0.490555766205723,0.4409045644188135,0.055018693726735186,-0.005367491939825664,0.4416861152284429,0.04886965097728005,0.849007878995494,0.8505757727476351
resnet,9,9,0.48314727217766024,0.43276758343793376,0.056468656641027765,-0.0060889679013012565,0.43364267846697535,0.04950459371068482,0.8552596906374345,0.8566497140899629
resnet,9,10,0.4865500022513284,0.4371267744528744,0.05484365264904869,-0.005420424850594685,0.4381073805907393,0.04844262166058898,0.8510237423911038,0.8524467047880049
resnet,9,11,0.4859496820672749,0.435361643839116,0.05716220385911195,-0.006574165630953088,0.4360335214110107,0.0499161606562641,0.8524005902658831,0.8540738886400169
resnet,9,12,0.49136610545027576,0.4415841059200038,0.05687094260589811,-0.007088943075626131,0.44149899483393057,0.04986711061634515,0.847927481620069,0.8500223984821733
resnet,9,13,0.4938371958422125,0.4429832004854314,0.05562901722894548,-0.004775021872164387,0.44440914068252313,0.04942805515968933,0.846761442989275,0.8476969090094602
resnet,9,14,0.485711650181393,0.436545744854136,0.05416214598620649,-0.004996240658949491,0.4386220177142214,0.04708963246717156,0.8512411394239637,0.8527826820206067
resnet,9,15,0.4902044924156391,0.44079911707623665,0.05391780735130557,-0.0045124320119031,0.4425628180589769,0.04764167435666226,0.8482041687527998,0.8496732456718228
resnet,9,16,0.4881387920610861,0.4390980650186355,0.05408956018341779,-0.005048833140967157,0.4400226016769976,0.04811619038408859,0.8499235816490553,0.8501343908930405
resnet,9,17,0.4887705124229351,0.4369520124029526,0.05590175519530067,-0.004083255175318157,0.4392542438984931,0.04951626852444197,0.8516627579119345,0.8527563308651085
resnet,9,18,0.4900324863984547,0.43877994034203577,0.05711160943370298,-0.005859063377284035,0.43980158223743393,0.05023090416102073,0.8497522991383172,0.8514321853013254
resnet,9,19,0.4927132029583218,0.44129421861196994,0.05664594735294288,-0.005226963006590979,0.44334083980469574,0.049372363153626135,0.8488827110068777,0.8496205433608264
resnet,9,20,0.486364722378256,0.43686761608107094,0.05422958760095736,-0.004732481303772296,0.438431367612635,0.047933354765621,0.8519921473556615,0.8532043005085773
resnet,9,21,0.49243776383669036,0.44020473005342897,0.05764540047963846,-0.005412366696377069,0.4420649890037634,0.05037277483292687,0.8485796727186488,0.8495019631610846
resnet,9,22,0.4833487096435564,0.43262033338359523,0.05645273382414417,-0.005724357564182991,0.43338034997298214,0.04996835967057416,0.8557735381696487,0.8573019051885425
resnet,9,23,0.48437803112957195,0.4339225236930372,0.05406919242601375,-0.0036136849894790046,0.437047547713454,0.047330483416117904,0.8540277741178951,0.8546536140609765
resnet,9,24,0.49283489628806937,0.44153241803707527,0.05721269982085429,-0.005910221569860208,0.44256627625516964,0.05026862003289966,0.8474004585101057,0.8488168331181323
resnet,9,25,0.4847571814612862,0.4373596353678197,0.050912173095340574,-0.003514627001874049,0.43867365730654206,0.0460835241547441,0.8507075285251258,0.8512016126907164
resnet,9,26,0.48256001293449824,0.432964373455547,0.05465208107374422,-0.00505644159479296,0.4344283771448663,0.048131635789631894,0.8548907744604601,0.8563993781127304
resnet,9,27,0.48888515186974524,0.4418343225115222,0.052245478817567984,-0.005194649459344947,0.442422082357986,0.04646306951175925,0.8473741073546075,0.8480131228754381
resnet,9,28,0.4890613919306099,0.44012913343483434,0.05683098645621998,-0.00789872796044444,0.4388604437894101,0.050200948141199776,0.8499235816490553,0.8518208648449235
resnet,9,29,0.49702594011553636,0.44569152249560134,0.05754059961690886,-0.00620618199697387,0.4460258246901921,0.05100011542534424,0.8436849455848638,0.845483411947614
resnet,10,0,0.4922531463306822,0.44101466377438747,0.056423835551413504,-0.005185352995118797,0.44245563824430995,0.04979750808637217,0.8473148172547366,0.848375451263538
resnet,10,1,0.4840729975568617,0.4340115903030616,0.05543789512254679,-0.005376487868746727,0.43458866140715413,0.04948433614970748,0.853942132862526,0.8556351946032834
resnet,10,2,0.49235785103120316,0.4395196123512575,0.05850586690801057,-0.005667628228064936,0.4409529413359211,0.05140490969528194,0.8501212153152915,0.8507997575693695
resnet,10,3,0.48733862000146544,0.43928853944322754,0.050843545910586846,-0.002793465352348923,0.4414203100920372,0.04591830990942826,0.8492713905504756,0.8491725737173574
resnet,10,4,0.48939018450463634,0.4397240020781217,0.05424911837885029,-0.0045829359523356095,0.44135710456537375,0.04803307993926258,0.8484413291522834,0.8499631083823026
resnet,10,5,0.48552792021312124,0.4353780041612318,0.054898512026708174,-0.004748595974818748,0.43721908560973743,0.048308834603383956,0.8525521094099976,0.8536917968852933
resnet,10,6,0.49017890416298293,0.4393826665076191,0.056848915768350876,-0.006052678112987042,0.43977133791199613,0.050407566250986684,0.8492779783393503,0.8506548262141295
resnet,10,7,0.48641387273820824,0.4367461569964746,0.05589373379439523,-0.006226018052661597,0.43711660168072036,0.0492972710574879,0.8514585364568237,0.8528814988537248
resnet,10,8,0.4885859115864828,0.4360946511727354,0.05769977411029003,-0.005208513696542627,0.43815769399567994,0.050428217590802835,0.8527036285541121,0.8532701783973227
resnet,10,9,0.4877881709244748,0.43783244088636475,0.05718252974279984,-0.0072267997046898125,0.4376344740176804,0.05015369690679431,0.8512147882684655,0.8527233919207357
resnet,10,10,0.4910537933690787,0.4433460679326324,0.05163932633294832,-0.003931600896502074,0.4450916449052338,0.04596214846384479,0.8460236106353263,0.8462278320904373
resnet,10,11,0.4853611683273563,0.43523223347350337,0.05431081488403911,-0.004181880030186158,0.43754394403007996,0.0478172242972763,0.8532438272418246,0.8539487206514005
resnet,10,12,0.48554246204666285,0.4348542742792643,0.0545413683123102,-0.003853180544911683,0.4370782294081983,0.04846423263846454,0.8535073387968062,0.8542385833618804
resnet,10,13,0.4900121522772178,0.4390247022819733,0.056413806831165876,-0.005426356835921409,0.4399838308362111,0.0500283214410067,0.8504637803367678,0.8513597196237055
resnet,10,14,0.48822413015340216,0.43618544720532454,0.056839394715402586,-0.004800711767324994,0.43840196736691117,0.049822162786490945,0.8521700176552742,0.852617987298743
resnet,10,15,0.49362547566716,0.44445485445394317,0.05263572664964521,-0.0034651054364284173,0.44633233121168814,0.04729314445547177,0.8451803736593849,0.8449761522042742
resnet,10,16,0.4918293177123573,0.4394314039850679,0.05723315632305332,-0.0048352425957639555,0.4414009051146792,0.05042841259767812,0.8503056734037788,0.8508392843026168
resnet,10,17,0.48911008267848893,0.4377307228458841,0.057624115098561426,-0.006244755265956581,0.43848246408051156,0.0506276185979774,0.8508722232469894,0.8518603915781706
resnet,10,18,0.4865614254739953,0.4375341348943091,0.054320898591316474,-0.0052936080116302575,0.4389666529563848,0.04759477251761047,0.8511093836464729,0.8524401169991305
resnet,10,19,0.49302957485899623,0.44201547480377246,0.05685385236707934,-0.005839752311855573,0.4430941182018934,0.049935456657102834,0.8479011304645709,0.8490737568842395
resnet,10,20,0.493139098855769,0.44240112474731075,0.05711054110686832,-0.006372566998410045,0.44254600243130554,0.05059309642446344,0.8463068855569318,0.84776937468708
resnet,10,21,0.48931440149138317,0.4379642929869841,0.05581326974322457,-0.004463161238825508,0.4396234013048824,0.049691000186500744,0.8510896202798491,0.8523413001660123
resnet,10,22,0.4928820221232092,0.4412569977745326,0.05822163537928842,-0.006596611030611821,0.44140799587044494,0.05147402625276429,0.8482436954860471,0.8494690242167119
resnet,10,23,0.4883840717326384,0.4401184628700986,0.05306758601107905,-0.004801977148539194,0.4407841606262508,0.04759991110638755,0.8485006192521543,0.8490408179398667
resnet,10,24,0.49121240942385674,0.44172624694865636,0.055846909809284286,-0.006360747334083927,0.44178065643154807,0.04943175299230868,0.8482898100081689,0.8498313526048116
resnet,10,25,0.4857092139324279,0.4348832741360721,0.05514263879519764,-0.00431669899884185,0.4367419982322421,0.04896721570018587,0.8529869034757174,0.8541990566286332
resnet,10,26,0.4873159423369371,0.4381778925738659,0.054630201191585355,-0.005492151428514169,0.4387439462277175,0.04857199610921947,0.8504901314922658,0.8519394450446652
resnet,10,27,0.489571478223943,0.43920692691271285,0.05451662037109378,-0.00415206905986365,0.44091855273705516,0.04865292548688775,0.848994703417745,0.850233207726159
resnet,10,28,0.49090624063329164,0.4426735582956374,0.05299305934958511,-0.004760377011930883,0.4433761608207192,0.04753007981257235,0.8458259769690902,0.8460960763129464
resnet,10,29,0.4958583338896373,0.44430346531171244,0.056599128429369365,-0.005044259851444521,0.4456160957712933,0.050242238118344065,0.8451144957706396,0.8464649924899206
resnet,11,0,0.487432369067584,0.4365973107176279,0.057442450285544004,-0.006607391935587903,0.4365646922873185,0.05086767678026548,0.851754986956178,0.853395346385939
resnet,11,1,0.4921972817353309,0.44039948865746864,0.057271901052779954,-0.005474107974917708,0.44145679034247803,0.050740491392852825,0.8493438562280956,0.8501146275264171
resnet,11,2,0.48985938873707513,0.43951737979087596,0.056316003640444375,-0.005973994694245199,0.4403534298265589,0.049505958910516276,0.8494426730612139,0.8507931697804948
resnet,11,3,0.4863171459307844,0.43641176777086393,0.054918223933795494,-0.005012845773875008,0.4377248579893559,0.04859228794142853,0.8518011014782998,0.8528946744314738
resnet,11,4,0.4892487307118085,0.4372878770462719,0.05783657373008984,-0.005875720064553225,0.43837414254158824,0.05087458817022031,0.85151123876782,0.8522754222772668
resnet,11,5,0.48891983849991694,0.43744522077224496,0.057034127489479204,-0.005559509761807246,0.43863173295454705,0.05028810554536992,0.8508195209359931,0.8518208648449235
resnet,11,6,0.48876824587649426,0.4372051054573311,0.05659714332326638,-0.005034002904103219,0.438860311870737,0.04990793400575728,0.8515902922343145,0.8525125826767505
resnet,11,7,0.4897252498863596,0.438807054438709,0.05763727124357135,-0.006719075795920737,0.43874265163577003,0.05098259825058955,0.8499631083823027,0.8512279638462147
resnet,11,8,0.4905453131579314,0.44012853217973086,0.05635135352193874,-0.005934572543738248,0.44028700832002554,0.0502583048379057,0.849034230150992,0.8502924978260297
resnet,11,9,0.4924309878558397,0.44146798774211465,0.0561770142923156,-0.00521401417859052,0.4425710417991703,0.04985994605666946,0.8472028248438694,0.8483952146301615
resnet,11,10,0.48648195840288133,0.4360018036070954,0.05510407408145817,-0.00462391928567224,0.43733134885348357,0.04915060954939785,0.8522358955440197,0.8534678120635589
resnet,11,11,0.49040111674449655,0.44163629221454315,0.052576346586130446,-0.003811522056177019,0.4432536559066826,0.047147460837814,0.8471501225328731,0.8472028248438693
resnet,12,0,0.4893606355505418,0.43824134802471804,0.05673131464223481,-0.005612027116411011,0.43907048126764175,0.050290154282900124,0.8504374291812695,0.8513399562570819
swin,1,0,0.46526720409269373,0.46526720409269373,0.0,0.0,0.46526720409269373,1.2860956797656419e-17,0.8408851353131834,0.8408851353131834
swin,1,1,0.5149227653170142,0.5149227653170142,0.0,0.0,0.5149227653170141,1.2110097814506337e-17,0.776950644285752,0.776950644285752
swin,1,2,0.47634603178468954,0.47634603178468954,0.0,0.0,0.47634603178468954,1.400398905802343e-17,0.8419260059553612,0.8419260059553612
swin,2,0,0.4708066179386916,0.4477390829880178,0.02403146037644396,-0.000963925425770118,0.44913237045323234,0.021674247485459288,0.8495612532609556,0.8510632691243512
swin,2,1,0.49009498470485396,0.4620737324039826,0.04220789117390667,-0.01418663887303534,0.4548586326377693,0.03523635206708459,0.8302985585917944,0.8340074837281616
swin,2,2,0.4956343985508519,0.45995247122411015,0.057305663741590976,-0.02162373641484927,0.45077642715951943,0.04485797139133247,0.8332169490632164,0.8386716382513373
swin,3,0,0.4855120003981324,0.4468309308940394,0.05392883818671132,-0.01524776868261829,0.4411829450441857,0.044329055353946725,0.8433555561411368,0.8465440459564152
xception,1,0,0.42645376090667214,0.42645376090667214,0.0,0.0,0.426453760906672,1.5193404907781273e-17,0.8925926901894647,0.8925926901894647
xception,1,1,0.8875022469488991,0.8875022469488991,0.0,0.0,0.8875022469488952,1.5983886114887463e-17,0.8607802577143007,0.8608000210809242
xception,1,2,0.9154108174366138,0.9154108174366138,0.0,0.0,0.9154108174365989,1.403889135921724e-17,0.8565443094679701,0.8566398324066511
xception,1,3,0.6259986278071878,0.6259986278071878,0.0,0.0,0.6259986278071877,1.5385856705780488e-17,0.8943680992911538,0.8944208016021502
xception,1,4,0.8640356949358439,0.8640356949358439,0.0,0.0,0.8640356949358335,1.56888889963762e-17,0.8554540304092334,0.8554079158871116
xception,1,5,0.7169186756846396,0.7169186756846396,0.0,0.0,0.7169186756846547,1.2961354882628403e-17,0.8557373053308387,0.855799889325147
xception,1,6,0.40259989004647956,0.40259989004647956,0.0,0.0,0.4025998900464809,1.7652536303349622e-17,0.8993847005191178,0.8993847005191178
xception,1,7,0.7750966275829826,0.7750966275829826,0.0,0.0,0.77509662758298,1.4666767532135527e-17,0.8482272260138607,0.8482272260138608
xception,1,8,0.7050615871419507,0.7050615871419507,0.0,0.0,0.7050615871419861,9.816513141860082e-18,0.9009229492213234,0.9007319033439616
xception,1,9,0.704608605927762,0.704608605927762,0.0,0.0,0.7046086059277623,1.4068335063802122e-17,0.8726251021107275,0.8724307623389286
xception,1,10,0.7690366613441456,0.7690366613441456,0.0,0.0,0.7690366613441341,1.4522347495316708e-17,0.8750065877888745,0.8748978892724446
xception,1,11,0.8306432730813533,0.8306432730813533,0.0,0.0,0.8306432730813653,1.857237391257551e-17,0.8516133494953755,0.8516133494953754
xception,2,0,0.6007751942448274,0.4246781640832927,0.1347376546200915,0.0413593755414432,0.4988349488513988,0.1019402453934281,0.8902079106168805,0.8851814277056049
xception,2,1,0.8100097116821878,0.5842648877577822,0.1889403338717611,0.03680449005264452,0.6692057543650459,0.14080395731712356,0.8761199241086721,0.883274262826425
xception,2,2,0.7450171613715159,0.5287054864527788,0.1740320640931491,0.042279610825587954,0.6159974337627008,0.12901972760881214,0.8923950565232286,0.8940288281641151
xception,2,3,0.9014565321927565,0.6507542383433643,0.20217349516258226,0.048528798686809815,0.7455420022690227,0.15591452992375932,0.8717522200848508,0.8770520962344198
xception,2,4,0.5536042479871208,0.4044642945546741,0.12462615646776301,0.0245137969646837,0.46516600996095314,0.08843823802615562,0.8984228833434345,0.8988247384647817
xception,2,5,0.6975176445756668,0.47010437156102935,0.1945050167741558,0.03290825624048166,0.5556560928919358,0.14186155168373887,0.9037556984373765,0.9056233365833092
xception,2,6,0.5716862182956559,0.4186017327185988,0.127675358010536,0.02540912756652114,0.4793271617731083,0.09235905652255269,0.8909852697040765,0.8897599409734117
xception,2,7,0.7904771853102417,0.5645538916890409,0.1906588804278582,0.035264413193342614,0.6518349939618517,0.13864219134835748,0.8722265408838177,0.8778129858494295
xception,2,8,0.784322150431803,0.580776960546895,0.13865330542629373,0.06489188445861427,0.6830221561827948,0.1012999942489868,0.8789394977469763,0.8800824791167092
xception,2,9,0.7960554264383306,0.5774537416072255,0.1547060262472166,0.06389565858388846,0.6806808273639741,0.11537459907434093,0.8791733642520222,0.8830568657935651
xception,2,10,0.7567504373780435,0.5194337011862369,0.1968527088106122,0.04046402738119437,0.610339845943668,0.14641059143438834,0.8932844080212917,0.897078974413028
xception,2,11,0.52622619435693,0.38903700642439454,0.11277587649781982,0.02441331143471559,0.4467274201554781,0.07949877420145185,0.9084099712772407,0.9084956125326096
xception,2,12,0.7283209504442706,0.4974760787654826,0.18743094298705176,0.043413928691736214,0.5903706765654987,0.13795027387877454,0.8923654114732931,0.8945887902184511
xception,2,13,0.7460076516338111,0.5478659360985726,0.1786168277524089,0.01952488778282968,0.610567025481694,0.1354406261521305,0.8675261535218319,0.8744433318401011
xception,2,14,0.5655311834172171,0.422965085139542,0.11306934180081527,0.029496756476859787,0.4831768873787085,0.08235429603850751,0.8933535798044745,0.8954122638277688
xception,2,15,0.8590727600151262,0.6471884245328162,0.1674356703453703,0.04444866513693968,0.7286907067381737,0.13038205327696123,0.8674932145774592,0.8710077999420275
xception,2,16,0.5597592828655595,0.39388021764026443,0.15628995021019426,0.009589115015100846,0.44868159550074094,0.11107768736482443,0.8978036311892277,0.8960512793485994
xception,2,17,0.6569780039277856,0.4440478895172869,0.14250233336521959,0.07042778104527914,0.5611205672683377,0.09585743665945118,0.8897467653956628,0.8860905425702916
xception,2,18,0.7429776685143926,0.512715311146361,0.1899244538298975,0.040337903538134046,0.6081573632260124,0.13482030528836417,0.885889615009618,0.8895557195183008
xception,2,19,0.8022104613167693,0.5737867659243933,0.20016820208876224,0.028255493303613877,0.6514899250915581,0.15072053622522294,0.8708925136367229,0.879008669530159
xception,2,20,0.6714586517459138,0.4635641418407851,0.20460190389891109,0.0032926060062176132,0.5189373102597222,0.15252134148620985,0.8941210572083584,0.9015916097920894
xception,2,21,0.7005476276950853,0.4564709436302192,0.20472500356900272,0.03935168049586335,0.547805210874435,0.15274241682064996,0.8966310047695593,0.8981132572663312
xception,2,22,0.4145268254765758,0.3606609173733285,0.058012575688543025,-0.004146667585295694,0.3647496624565478,0.04977716302002779,0.9125734538459511,0.9129094310785528
xception,2,23,0.7107636408062008,0.5167217279600808,0.1929356487934043,0.0011062640527157441,0.5753588727394211,0.13540476806678337,0.8789427916414135,0.8881459326991489
xception,2,24,0.8282694541465223,0.5996302379731504,0.18948919335474929,0.039150022818622565,0.6887108796561413,0.1395585744903924,0.8808532504150306,0.884878389417376
xception,2,25,0.7400791073624666,0.46922919123111984,0.2752686680562431,-0.00441875192489638,0.5425209759652255,0.19755813139722708,0.8993287043136843,0.9077017839732271
xception,2,26,0.7720666444635641,0.5306209354490854,0.20333439477637186,0.038111314238106875,0.6269981507965602,0.14506849366701993,0.8817755408574667,0.8841932593744235
xception,2,27,0.8730270452589836,0.6420476237076946,0.17007131339331272,0.060908108157976204,0.7446080456647394,0.12841899959429035,0.8664721073019053,0.8704017233655694
xception,2,28,0.6166215815639164,0.40702056605701703,0.15487597871351738,0.05472503679338203,0.5096968789914692,0.10692470257244716,0.8972700202903898,0.887381749189702
xception,2,29,0.7845486410388973,0.5459708560985194,0.19131597250375046,0.047261812436627526,0.645661979054065,0.1388866619848113,0.8953925004611453,0.8988313262536562
xception,3,0,0.6863795994465081,0.39016711168565965,0.2385592006165705,0.057653287144277865,0.5195378939439623,0.1668417055025406,0.9041839047142216,0.898949906453398
xception,3,1,0.78138138261248,0.4827263149464833,0.24307801568559712,0.05557705198039953,0.5978571793384047,0.18352420327407837,0.892026140346254,0.8943977443410894
xception,3,2,0.7925121898973103,0.4944036073990439,0.23519674741604443,0.06291183508222198,0.6146682613369452,0.177843928560369,0.8918976784632007,0.8940881182639857
xception,3,3,0.7315476428902645,0.4735912455690459,0.19928556833192557,0.05867082898929299,0.5815276092749505,0.1500200336153109,0.8955374318163851,0.8984887612321801
xception,3,4,0.675377898444057,0.42300493911304193,0.18606658386710942,0.06630637546390572,0.5427590384898132,0.13261885995425435,0.8946974887348811,0.891037972015073
xception,3,5,0.8321217293523658,0.5303795661753434,0.2452700643846524,0.05647209879237003,0.649599542338293,0.18252218701408043,0.8768445808848717,0.8828559382328915
xception,3,6,0.6963508784795179,0.42932952191598645,0.2056400388205615,0.061381317742969954,0.5404728071418734,0.1558780713376442,0.8902342617723787,0.8882118105878942
xception,3,7,0.7486726837238544,0.46723968648790865,0.23696094895155936,0.044472048284386445,0.5696645286616024,0.17900815506225778,0.8945229123297056,0.8998326701625866
xception,3,8,0.6461015834232612,0.38634264645915617,0.22548162914533984,0.034277307818765146,0.48674620590024226,0.1593553775230133,0.9082848032886242,0.9076655511344172
xception,3,9,0.7702671626020955,0.43808412278535813,0.2981851960501754,0.0339978437665619,0.549021724803696,0.22124543779840544,0.898159371788453,0.9030013966112413
xception,3,10,0.654052873709992,0.39597659209538755,0.22020621090545378,0.037870070709150605,0.494966324982658,0.15908654872733768,0.9051753669398404,0.906288703259638
xception,3,11,0.6650545747124431,0.38609538354088485,0.24825642763246586,0.030702763539092404,0.4914831987733403,0.17357137593910893,0.9089007615483939,0.9102413765843633
xception,3,12,0.7789793663496717,0.4967634945122839,0.24668444972336306,0.03553142211402471,0.5979994848596966,0.1809798814899416,0.8814099185749296,0.8895688950960499
xception,3,13,0.7792269874025838,0.49841890980021636,0.2247895207700133,0.05601855683235413,0.6084419200993793,0.1707850673032449,0.8895425439405518,0.8925992779783394
xception,3,14,0.6783097943892443,0.4078193512957383,0.22901801767526997,0.041472425418236036,0.5152770697030287,0.16303272468621408,0.8940815304751112,0.8929945453108119
xception,3,15,0.6012317151455501,0.37235898756907215,0.2106537466164915,0.01821898095998642,0.44372232265995404,0.1575093924855956,0.9095298953859127,0.9086471316767242
xception,3,16,0.7039846549453244,0.41596355899580206,0.259862500965855,0.02815859498366735,0.5128067410177436,0.19117791392759395,0.9041674352420354,0.907784131334159
xception,3,17,0.8168875654819097,0.5236169910076957,0.2283386294687294,0.0649319450054846,0.6402845254668994,0.17660304001497762,0.8801944715275765,0.8847795725842578
xception,3,18,0.7965030219742367,0.483799490956067,0.2940930348576372,0.018610496160532564,0.5856178049151135,0.2108852170591446,0.8993517615747451,0.9067300851142324
xception,3,19,0.7301879809855157,0.4565050838311255,0.24433805408839013,0.02934484306600016,0.5565199922810273,0.17366798870446526,0.8923818809454794,0.8978826846557221
xception,3,20,0.7241692838082131,0.43494884708732257,0.19988313721830006,0.0893372995025905,0.5786188281875663,0.14555045562065194,0.889667711929168,0.8844831220849035
xception,3,21,0.7353000910930433,0.4380067434953994,0.21139437322440208,0.08589897437324179,0.5822053435373233,0.1530947475557247,0.8903923687053678,0.8864001686473951
xception,3,22,0.6572323907080914,0.39157768554234323,0.2196817884642001,0.04597291670154802,0.503625973633342,0.15360641707474001,0.9071582913910776,0.907250520435321
xception,3,23,0.8403835727003166,0.5150350337715014,0.24539642432585337,0.07995211460296181,0.6518014680099571,0.18858210469035722,0.8760540462199267,0.8783301272760812
xception,3,24,0.638829361216568,0.39986129947947946,0.1868582153213983,0.052109846415690275,0.5015154093875218,0.13731395182904543,0.90388416032043,0.9021120451131782
xception,3,25,0.7020522808440405,0.40635959326614035,0.2739827425718192,0.021709945006080922,0.50194863255594,0.20010364828809948,0.9095760099080344,0.9144048591530738
xception,3,26,0.7316986366283275,0.466290590311762,0.22344466879817365,0.04196337751839174,0.5656369826596104,0.16606165396874362,0.9043222482805872,0.9086076049434768
xception,3,27,0.8310807158710783,0.5220452822121265,0.23787833517325135,0.07115709848570051,0.6441558288641418,0.18692488700693807,0.8759058209702495,0.8777174629107486
xception,3,28,0.7680961801177536,0.504865340241307,0.21744318001252047,0.04578765986392608,0.6064157519487705,0.16168042816897768,0.8868744894463623,0.8910050330707002
xception,3,29,0.8105451786253424,0.5014208236829354,0.25650035267264204,0.052624002269764936,0.6184931157424334,0.19205206288291066,0.8840219768636854,0.888402856465256
xception,4,0,0.7192791143381003,0.4209987275292984,0.22592243321270325,0.07235795359609865,0.5476308109998306,0.1716483033382665,0.8934095760099081,0.8919800258241324
xception,4,1,0.6499191951140131,0.3730706301429188,0.2836019783293234,-0.006753413358229099,0.4411063008107891,0.20881289430321634,0.9082584521331261,0.9130280112782946
xception,4,2,0.7783076427512308,0.4210018853281254,0.32704057680287124,0.03026518062023409,0.5355661989347867,0.24274144381644616,0.902546839178898,0.9079620016337717
xception,4,3,0.6330394055561511,0.38304782762252715,0.22501836929451602,0.024973208639108013,0.461277739773817,0.1717616657823345,0.905511344172442,0.9078104824896572
xception,4,4,0.7590390568783365,0.40990412599286635,0.2622562096135657,0.08687872127190444,0.5639200567872655,0.1951190000910552,0.8960117526153522,0.8906822314158476
xception,4,5,0.802044960693321,0.478190429111558,0.2601133148943976,0.06374121668736532,0.6041475501763095,0.19789741051700366,0.8911697277925638,0.8932514690769191
xception,4,6,0.6630330807848397,0.39044883038078965,0.22696935611233154,0.0456148942917185,0.4950546016196935,0.1679784791651494,0.9052412448285858,0.9047735118184933
xception,4,7,0.6781174296672766,0.39275136759242757,0.2544694739461651,0.0308965881286839,0.49309579395530834,0.18502163571196537,0.9040488550422936,0.9068947798360959
xception,4,8,0.6186081628851126,0.3750001602437688,0.2396107770196054,0.003997225621738321,0.4454114860116695,0.17319667687343013,0.9116248122480171,0.917007035758518
xception,4,9,0.7538525234335122,0.42649977950679113,0.2996404096495194,0.027712334277201656,0.5304253395414553,0.22342718389205993,0.8996745632295975,0.9054849930169439
xception,4,10,0.6943441130137402,0.38612529122594536,0.25720396650739946,0.0510148552803954,0.5047805123222956,0.18956360069144407,0.9027839995783816,0.8968945163245408
xception,4,11,0.7367570910338902,0.424734608513094,0.23743095848950999,0.07459152403128622,0.5592645314167619,0.17749255961712113,0.8954452027721416,0.8943318664523439
xception,4,12,0.6872780843139119,0.4096007712675686,0.2302698677464845,0.04740744529985874,0.5076691845444521,0.1796088997694587,0.8929681941553137,0.8917955677356453
xception,4,13,0.746195276253144,0.41167005249282196,0.2467080388264095,0.08781718493391255,0.5630706849793699,0.18312459127375977,0.896374081003452,0.8894503148963082
xception,4,14,0.680906550231321,0.40450642463028197,0.24161849117837603,0.03478163442266302,0.5029344660573425,0.17797208417398144,0.9025863659121451,0.9088118263985876
xception,4,15,0.5787522469954842,0.36279988256192425,0.20660650147356108,0.009345862959998952,0.42615773408324636,0.15259451291223633,0.9107288729610794,0.9083375055996206
xception,4,16,0.8031458143638064,0.464494708408714,0.2967256740938714,0.041925431861220996,0.5814213381750162,0.22172447618882238,0.895547313499697,0.9032319692218505
xception,4,17,0.7766069354018375,0.4425931467485574,0.3122284870562377,0.021785301597042395,0.5498370659262011,0.2267698694756802,0.8992562386360643,0.9074745052570554
xception,4,18,0.6925486723383152,0.411180674186245,0.23281132471441182,0.04855667343765835,0.515181925943665,0.17736674639465205,0.8953990882500198,0.8954188516166435
xception,4,19,0.6500035843699632,0.3871636215536199,0.23221940749456796,0.030620555321775322,0.4734818021194182,0.17652178225055065,0.9040488550422936,0.9044968246857625
xception,4,20,0.7196555409287829,0.40983702411633954,0.2849523701117807,0.024866146700662672,0.5112784664073076,0.20837707452150664,0.9057485045719255,0.910919918838441
xception,4,21,0.7138413632748433,0.4059046399551492,0.25229812701005333,0.05563859630964074,0.5247141636037154,0.1891271996711234,0.900517800205539,0.9018682969248202
xception,4,22,0.7038774614037984,0.4134016017691765,0.23295358305494604,0.05752227657967579,0.5308254000978662,0.17305206130592665,0.8971382645128989,0.8987852117315344
xception,4,23,0.6839840676705404,0.39584405228046077,0.27033717596723045,0.017802839422849215,0.48796527425204594,0.19601879341848155,0.903541595298954,0.9090423990091965
xception,4,24,0.662267730608058,0.3813252510922598,0.25343347551098233,0.027509004004815818,0.4795153277553364,0.18275240285272798,0.9111043769269282,0.9146749584969301
xception,4,25,0.7706495392084705,0.4508477352067907,0.2733181563075338,0.046483647694145924,0.5665691914721788,0.20408034773628198,0.9017134838862684,0.906703733958734
xception,4,26,0.6867828391827643,0.4042653413208959,0.22374361351334432,0.05877388434852404,0.5179016955068347,0.16888114367593246,0.9012161058262405,0.8988115628870327
xception,4,27,0.6994289852484594,0.3930707944851573,0.2649916153704107,0.04136657539289135,0.5029764087943955,0.19645257645406292,0.8985678146986744,0.8978431579224748
xception,4,28,0.8062233318030259,0.45918652658377795,0.31923138471795165,0.027805420501296307,0.570299314173739,0.23592401762929308,0.8940551793196131,0.9027444728451343
xception,4,29,0.7384508704992102,0.41042207558314603,0.314411630370916,0.013617164545148164,0.5072070235633553,0.23124384693585007,0.9051621913620913,0.9122572399799731
xception,5,0,0.6595020537045069,0.3788904459174665,0.241193611629671,0.039417996157369295,0.4800640653196274,0.1794379883848826,0.904200374186408,0.8998392579514611
xception,5,1,0.6048299121676268,0.36133837475336184,0.2185260524497272,0.024965484964537765,0.4431879378874624,0.1616419742801634,0.9149911723629082,0.9156170123059895
xception,5,2,0.6851819945383089,0.3841160514359948,0.26664794639437406,0.03441799670793999,0.48677522906947046,0.19840676546883604,0.9052774776673957,0.9079949405781442
xception,5,3,0.8545377319971387,0.49067372541455506,0.29127506207389825,0.07258894450868536,0.6262963858302767,0.22824134616685368,0.8809718306147725,0.8853000079053466
xception,5,4,0.7303273940126646,0.4201412195970457,0.24295168613064969,0.06723448828496914,0.5467693759392569,0.18355801807340852,0.896057867137474,0.8973490737568841
xception,5,5,0.7817418925973599,0.45466400010533764,0.2777728094977686,0.049305082994253735,0.5745946705986174,0.20714722199872507,0.8905340061661704,0.8957087143271232
xception,5,6,0.772487836314435,0.4232500239742979,0.26604165652357986,0.08319615581655726,0.5707271086014929,0.20176072771294884,0.8953661493056471,0.8946283169516984
xception,5,7,0.7940926873086387,0.43230138335302704,0.3200250803057656,0.04176622364984606,0.5573501212434331,0.23674256606517052,0.899266120319376,0.9053202982950802
xception,5,8,0.7928426666050306,0.4328934749327825,0.3183726266157742,0.04157656505647389,0.5557117749259591,0.23713089167907547,0.8963213786924557,0.903554770876703
xception,5,9,0.6604608811718448,0.38198664054366205,0.2361227874565033,0.04235145317167943,0.4856757765414547,0.17478510463039246,0.9103072544731086,0.9123494690242169
xception,5,10,0.6757179099636593,0.3678903706169183,0.27639914272791777,0.03142839661882324,0.4689291880370128,0.20678872192664868,0.9107947508498246,0.9097209412632744
xception,5,11,0.6855772183597254,0.39213220076781946,0.23932353436079482,0.0541214832311111,0.50486741267676,0.18070980568296646,0.9041147329310391,0.9024084956125327
xception,5,12,0.6584052834311517,0.3843176978934013,0.23568104803375453,0.03840653750399581,0.48154722646145254,0.17685805696970394,0.902619304856518,0.8983767688213129
xception,5,13,0.8063234134132425,0.4732510626394698,0.27549571661427946,0.05757663415949332,0.5971960359843416,0.20912737742894488,0.885352710216343,0.8907744604600912
xception,5,14,0.6702514188405286,0.3733151898844486,0.27181910269196913,0.02511712626411089,0.4621882121120555,0.20806320672847223,0.906690558380985,0.9058012068829218
xception,5,15,0.6437125433751725,0.36651552312026,0.2629732501449192,0.014223770109993317,0.451930326796482,0.19178221657868155,0.9118619726475006,0.9136340878547526
xception,5,16,0.7419050080034237,0.39989324201116033,0.3058727760803717,0.036138989911891684,0.51436914552238,0.2275358624810449,0.9010052965822553,0.9059922527602834
xception,5,17,0.7406024185128185,0.4159052335406291,0.2571202003836799,0.06757698458850958,0.5481281610493965,0.19247425746342303,0.895926111359983,0.8983372420880655
xception,5,18,0.7166461539285788,0.40357549718601327,0.2861446270351637,0.026926029707401766,0.5071591208945004,0.209487033034082,0.905475111333632,0.9106432317057103
xception,5,19,0.5998371135374935,0.35034596021005326,0.23459305659025176,0.014898096737188449,0.4215630164281687,0.17827409710932426,0.915900287227595,0.9131004769559145
xception,5,20,0.6603294529565878,0.3616849056733271,0.28341399076117163,0.015230556522089045,0.45046071750982086,0.20986873544676582,0.9144773248306939,0.9183970592110464
xception,5,21,0.7476972671306749,0.40377816899827285,0.3258251758691656,0.018093922263236473,0.5057330571983424,0.24196420993234144,0.9030409233444886,0.9105048881393449
xception,5,22,0.7395831153093504,0.41877893248373865,0.2695109501833857,0.05129323264222596,0.5355829416892824,0.20400017362006823,0.8913278347255525,0.8925926901894649
xception,5,23,0.7141268486782074,0.3895394926194927,0.2916378611640098,0.03294949489470489,0.5011422389887088,0.2129846096894757,0.9041081451421644,0.9062623521041397
xception,5,24,0.6974358054809903,0.38151262277963094,0.3091150039992412,0.0068081787021181395,0.46913948107973774,0.22829632440124964,0.9057221534164273,0.910070094073625
xception,5,25,0.7009945864052615,0.38675303924127613,0.29161387344454703,0.0226276737194383,0.4880330128729434,0.2129615735323133,0.9059856649714089,0.9116050488813934
xception,5,26,0.7316299835032697,0.3990363557988496,0.2902358664773076,0.042357761227112545,0.5141189700986015,0.21751101340466997,0.9021845107907983,0.9044638857413897
xception,5,27,0.7530143371030978,0.4073562240425143,0.2867353542750217,0.058922758785561746,0.5389786950359535,0.21403564206713852,0.9001291206619412,0.9025863659121454
xception,5,28,0.6822469731838496,0.3879379162950172,0.23176202000926915,0.06254703687956331,0.5083260050141398,0.1739209681697099,0.9022503886795437,0.8949840575509236
xception,5,29,0.7159604219608058,0.3819590347874981,0.30755677980132345,0.026444607371984175,0.48725710640928993,0.22870331555151208,0.9113613006930352,0.9158936994387203
xception,6,0,0.6908007945805444,0.3816575933619181,0.2666335817489168,0.04250961946970955,0.4914700011847159,0.19933079339583118,0.905484993016944,0.9044704735302643
xception,6,1,0.7498974083730405,0.4202557142106951,0.29005328629944993,0.039588407862895525,0.5307528262884035,0.21914458208463078,0.904490236896888,0.9087788874542148
xception,6,2,0.7945076059357734,0.4270541572275443,0.32283330285636486,0.044620145851864246,0.5513611994624092,0.243146406473331,0.902691770534138,0.9081596353000079
xception,6,3,0.725363053192209,0.3754567038321844,0.3023692937421926,0.04753705561783195,0.49700339774125973,0.22835965545094705,0.9071714669688266,0.9061767108487706
xception,6,4,0.738540213081336,0.37934186502936956,0.3244727845796637,0.03472556347230271,0.49853236828003067,0.24000784480129383,0.9072439326464465,0.9088645287095838
xception,6,5,0.7429472515209579,0.4002067630651669,0.2834754825512546,0.059265005904536316,0.5292490823088295,0.2136981692121309,0.8976059975229913,0.8966244169806847
xception,6,6,0.764236303915942,0.42019467635366514,0.28491011568443786,0.05913151187783894,0.5460619291989474,0.21817437471699266,0.8914925294474163,0.8934754538986535
xception,6,7,0.6697609900779297,0.365335282653193,0.29851114339485646,0.0059145640298802205,0.4475513308259234,0.22220965925200825,0.9121123086247332,0.9171124403805105
xception,6,8,0.7052744416273606,0.3838908734848164,0.26063927269226694,0.060744295450277264,0.5110904297404658,0.19418401188689333,0.9039105114759282,0.8993451737858706
xception,6,9,0.7466024044183008,0.39162586319742526,0.3365428819372305,0.018433659283645154,0.497210395333657,0.24939200908463036,0.9067432606919813,0.9131992937890325
xception,6,10,0.6682807550915942,0.37853384316357125,0.2681482726060491,0.021598639321973923,0.46986901634443784,0.1984117387471508,0.9087722996653402,0.9127579119344382
xception,6,11,0.7370599780950005,0.3995491701716906,0.2850555980056471,0.052455209917662726,0.5241757781335131,0.2128841999614831,0.9023162665682891,0.9037062900208173
xception,6,12,0.6908762914495759,0.37289407197016483,0.28447888886422035,0.03350333061519062,0.4802137747600169,0.21066251668956226,0.910774987483201,0.9109330944161902
xception,6,13,0.7176499249294274,0.3914545478577515,0.2830043779857423,0.04319099908593349,0.502984434844544,0.2146654900848849,0.9038248702205591,0.9052873593507076
xception,6,14,0.7112351291329988,0.3725902423143899,0.29015649835417806,0.04848838846443082,0.4910890260613891,0.22014610307161117,0.9084231468549895,0.9046878705631243
xception,6,15,0.6576188136328233,0.3697716359381685,0.26237973538134046,0.025467442313314326,0.46220084914143794,0.19541796449138607,0.9096945901077763,0.908976521120451
xception,6,16,0.6594782273421861,0.37463684964463745,0.25301827121371606,0.031823106483832575,0.4708039772994746,0.1886742500427079,0.9087657118764658,0.9088711164984585
xception,6,17,0.7837695966997095,0.42726464690415794,0.299678244389692,0.056826705405859546,0.5578462339850069,0.22592336271471433,0.900929537010198,0.906545627025745
xception,6,18,0.6779770804079847,0.37300167566707754,0.276366060350867,0.028609344390040037,0.4697706572125862,0.20820642319540153,0.9102282010066141,0.9126525073124456
xception,6,19,0.6895052543453887,0.37953517784555674,0.2989663778270586,0.011003698672773399,0.46616382402374695,0.22334143032164652,0.9077248412342881,0.9130345990671691
xception,6,20,0.703792934087926,0.3942356163701355,0.2689661766916461,0.04059114102614447,0.5003202674531713,0.2034726666347501,0.8996547998629739,0.9011699913041186
xception,6,21,0.7081251428096218,0.37521459694652,0.2954495439554875,0.037461001907614255,0.49072419474066026,0.21740094806895777,0.9115721099370208,0.9121979498801023
xception,6,22,0.8118569583442632,0.45663835063156827,0.3045775392369765,0.050641068475718365,0.5791629263158796,0.23269403202838573,0.8883303907876361,0.8927112703892066
xception,6,23,0.7139492606848913,0.3952141890124624,0.2645997505529389,0.05413532111949004,0.5110177144400211,0.20293154624487056,0.9016179609475876,0.9017826556694513
xception,6,24,0.6873303364343811,0.38341746200655114,0.2697263231583466,0.034186551269483334,0.4818113400377182,0.20551899639665927,0.9010975256264988,0.899727265540594
xception,6,25,0.7176661915954022,0.385565679264457,0.29018404786080315,0.04191646447014208,0.5009322889749891,0.2167339026204129,0.9084692613771115,0.9117236290811352
xception,6,26,0.7166767222489577,0.3828059538560974,0.29856578726683985,0.03530498112602054,0.4909729314403082,0.22570379080865186,0.9036931144430683,0.9042201375530317
xception,6,27,0.8072055299296439,0.4525473003150216,0.3033036257012756,0.051354603913346675,0.5748031378043017,0.23240239212534458,0.8892592690189466,0.8929154918443174
xception,6,28,0.6767916345938046,0.3689681908847515,0.27996355493693825,0.02785988877211487,0.4670952718010823,0.20969636279271966,0.910043742918127,0.9088974676539567
xception,6,29,0.6521966345162391,0.37716693152790115,0.25493876721345665,0.020090935774881302,0.4583807086886248,0.19381592582761378,0.9037919312761865,0.903870984742681
xception,7,0,0.7842244709034184,0.41669707982670917,0.31388012728669284,0.053647263790016386,0.5447350489665354,0.23948942193688483,0.8958734090489868,0.8997931434293394
xception,7,1,0.7211940709110273,0.38616424754039685,0.2858134374255056,0.049216385945124785,0.506993269621182,0.2142008012898415,0.9066971461698595,0.9083243300218715
xception,7,2,0.7078036130982344,0.384010026686229,0.27658018069154605,0.04721340572045929,0.4955032972953694,0.2123003158028672,0.9012688081372369,0.8979222113889693
xception,7,3,0.7926135381028306,0.4206245265702515,0.33442694228206055,0.03756206925051864,0.5403896396499707,0.2522238984528575,0.8987456849982871,0.9035811220322012
xception,7,4,0.6916633653499519,0.37461963810017446,0.2804262562220509,0.0366174710277265,0.4794492355585605,0.21221412979138732,0.905353237239453,0.9033505494215921
xception,7,5,0.6760090845188499,0.3615064211231645,0.28747374221609834,0.027028921179586995,0.4626887996938071,0.2133202848250399,0.9139503017207304,0.9147737753300482
xception,7,6,0.8022294233539314,0.42641721071790867,0.3168055819053485,0.05900663073067425,0.5575379022872122,0.24469152106672085,0.8941671717304804,0.8969011041134154
xception,7,7,0.7835471868736984,0.41145329904444383,0.30789948883352014,0.06419439899573443,0.5474328145036994,0.23611437237000688,0.8998853724735829,0.9009130675380115
xception,7,8,0.7615143734256576,0.39491671711656207,0.3124476734082708,0.054149982900824845,0.5261942332243972,0.23532014020125192,0.8991409523307596,0.8993056470526233
xception,7,9,0.8004708419600919,0.42307308376965885,0.30494497162378736,0.07245278656664567,0.564763782767559,0.23570705919254592,0.8956625998050014,0.897395188279006
xception,7,10,0.6826744559848159,0.37484296367386594,0.2844243605455667,0.023407131765383227,0.47188432943472713,0.21079012655007945,0.9101030330179979,0.9137460802656198
xception,7,11,0.6835406547974452,0.3752516583089492,0.27299656156869057,0.03529243491980538,0.47527792052758644,0.2082627342698594,0.9053993517615748,0.9026522438008908
xception,7,12,0.799605132497401,0.4351568796257956,0.29683243498547673,0.06761581788612858,0.5712636030128353,0.22834152948457243,0.8965058367809429,0.8993715249413686
xception,7,13,0.6957006066856296,0.36357986809795667,0.30584084649383353,0.026279892093839408,0.4673148815855623,0.2283857251000706,0.9135286832327598,0.9150965769849007
xception,7,14,0.7607344355285076,0.4014875132729239,0.2914119739557532,0.0678349482998305,0.5361156244547788,0.22461881107373205,0.8991607156973833,0.8982384252549476
xception,7,15,0.7287340692186415,0.3822899674737781,0.31556124712750044,0.030882854617362954,0.496492926556499,0.2322411426621556,0.9061108329600251,0.9096748267411526
xception,7,16,0.7061954210113291,0.37889468369805557,0.29151593891694244,0.0357847983963312,0.4846241896470703,0.22157123136426116,0.905037023373475,0.9048591530738623
xception,7,17,0.7706531803903187,0.4064868656190242,0.318736176875989,0.04543013789530548,0.5294829400769643,0.24117024031335635,0.8986929826872908,0.9038314580094338
xception,7,18,0.7533916628731513,0.39604298270099125,0.3034562311965617,0.05389244897559842,0.5242024390107194,0.2291892238624345,0.8994374028301142,0.8983240665103165
xception,7,19,0.7603103121822542,0.3955982709089568,0.313509697589459,0.05120234368383836,0.5265326051001875,0.23377770708204243,0.9021383962686764,0.903238557010725
xception,7,20,0.6903945925045214,0.3842115646280054,0.25711066555026263,0.04907236232625345,0.4966814310271119,0.19371316147740944,0.9024743735012781,0.8991673034862581
xception,7,21,0.767755738705041,0.395898686301902,0.3143744489348815,0.05748260346825751,0.5328419043948964,0.23491383431013163,0.903785343487312,0.9042464887085299
xception,7,22,0.7093813617917671,0.370826939658632,0.3076975727442793,0.0308568493888558,0.48234681637998966,0.2270345454117623,0.9112756594376663,0.9122770033465968
xception,7,23,0.6597487706056265,0.368476257204266,0.2844629933729986,0.006809520028361882,0.446729436439395,0.21301933416623312,0.909108276897942,0.9119344383251204
xception,7,24,0.7083000644276476,0.37655216326221363,0.3038159337784875,0.027931967386946477,0.48385514211114694,0.22444492231651325,0.9084824369548604,0.9117499802366333
xception,7,25,0.7388037865979588,0.3802886495518437,0.3324849037679704,0.026030233278144688,0.49310705484817896,0.24569673174977583,0.9055903976389365,0.9093454372974256
xception,7,26,0.7404529010412894,0.3914427680357992,0.3121875284299612,0.036822604575528994,0.5065563531634198,0.23389654787787018,0.9032122058552267,0.9080674062557644
xception,7,27,0.7018269576684101,0.38739904402233605,0.26108315361438805,0.05334476003168598,0.5029767377979323,0.19885021987047785,0.9027971751561306,0.9002608764394319
xception,7,28,0.7376411370609192,0.3916624283530146,0.2947946718455632,0.05118403686234141,0.5158938251616787,0.22174731189925684,0.9053005349284566,0.9059856649714091
xception,7,29,0.669535490767145,0.36195282219395386,0.2807476877012179,0.026834980871973335,0.4581173396053198,0.21141815116182372,0.9133508129331471,0.9125009881683313
xception,8,0,0.728149693329563,0.39221889889845646,0.28252260954100045,0.053408184890106125,0.5144274252027563,0.21372226812681122,0.9026720071675144,0.9032846715328469
xception,8,1,0.7345778038700763,0.38767475001330853,0.31470828200965417,0.03219477184711361,0.498618352089558,0.23595945178051916,0.9038643969538065,0.9082518643442514
xception,8,2,0.7239818608256687,0.38567048217186334,0.30598155283762535,0.03232982581618005,0.49340742260315196,0.2305744382225192,0.9048525652849878,0.907711665656539
xception,8,3,0.7166980496779567,0.3817944348802761,0.30656162764586786,0.028341987151812686,0.4866178681887041,0.23008018148925435,0.9061108329600254,0.9102216132177396
xception,8,4,0.709035853816377,0.3783925994394023,0.28439095512332685,0.04625229925364782,0.4926066578294656,0.21642919598691357,0.904259664286279,0.9010316477377532
xception,8,5,0.6838416589462021,0.37274675444875055,0.2871096971402231,0.023985207357228422,0.4702932157790702,0.213548443167128,0.9084560857993623,0.9101952620622413
xception,8,6,0.6547725069759671,0.35827795516526767,0.28131971289390084,0.015174838916798605,0.44542669587906547,0.20934581109690054,0.9142994545310812,0.9166315317926691
xception,8,7,0.7246949339532309,0.38554319288154154,0.29832000424769856,0.04083173682399077,0.4976206664660673,0.22707426748716586,0.9038380457983083,0.9062623521041397
xception,8,8,0.7066467414220706,0.38202451631870266,0.2771952415176162,0.047426983585751814,0.49822341056179226,0.2084233308602822,0.9036206487654483,0.9021054573243037
xception,8,9,0.6994557881692005,0.37497819125052284,0.27523620041366087,0.0492413965050168,0.4899856524351625,0.2094701357340344,0.9077775435452845,0.9066576194366123
xception,8,10,0.7166496348220645,0.3741594025901295,0.31974977430751006,0.022740457924424917,0.4780147243438114,0.23863491047824867,0.9079488260560226,0.9117763313921317
xception,8,11,0.7287131534347768,0.37634863029224835,0.3136041807833662,0.03876034235916226,0.4950362466230382,0.23367690681174944,0.9092927349864293,0.910300666684234
xception,8,12,0.6803530876352377,0.36949647828177556,0.2856454787121156,0.025211130641346502,0.4681653800318726,0.2121877076033625,0.909898811562887,0.9110582624048064
xception,8,13,0.7258504872600994,0.3781898577585243,0.30214305603320796,0.045517573468367156,0.4973793168110193,0.2284711704490852,0.9059395504492873,0.9044770613191389
xception,8,14,0.7044709182002933,0.38300367473783425,0.2792258509497447,0.042241392512714304,0.49096016843768414,0.2135107497626074,0.9021120451131781,0.900115945084192
xception,8,15,0.6889164677765666,0.36858920225935665,0.2836312203846378,0.036696045132572075,0.4759934683815181,0.2129229993950427,0.9116775145590134,0.9112031937600463
xception,8,16,0.6808629608495186,0.3738094242528689,0.26604474943729706,0.04100878715935263,0.4806145436411099,0.20024841720840844,0.9095957732746582,0.9097011778966508
xception,8,17,0.7139756080611371,0.37141985127189336,0.3053716580778597,0.03718409871138406,0.4854845275928454,0.22849108046829483,0.907942238267148,0.9077380168120374
xception,8,18,0.7487933785446655,0.3921936159362119,0.3084163941323394,0.04818336847611426,0.5151325079458257,0.2336608705988383,0.9035086563545812,0.9054454662836966
xception,8,19,0.7037700450722124,0.3757411092422868,0.2941620736220619,0.033866862207863724,0.48417203269877274,0.21959801237343093,0.9073163983240664,0.907784131334159
xception,8,20,0.6982212746669383,0.3697857750506018,0.3023432769808633,0.026092222635473172,0.47195242050363867,0.2262688541633002,0.9086471316767241,0.9107222851722048
xception,8,21,0.6476651352425238,0.35775938414363956,0.27397191449257585,0.015933836606308427,0.4433612729823099,0.20430386226021088,0.9147737753300484,0.9158739360720968
xception,8,22,0.700982346889329,0.38259363530002,0.27487265146553885,0.043516060123770184,0.4907142734816433,0.210268073407685,0.9021845107907982,0.899799731218214
xception,8,23,0.7139189854093635,0.3805927015281518,0.28117907658863217,0.05214720729257949,0.499959421269634,0.21395956413972786,0.9039632137869246,0.9012753959261114
xception,8,24,0.7116349125855101,0.37689926785667,0.30696391214432117,0.027771732584519038,0.4812220064587895,0.23041290612672036,0.9057419167830509,0.9074349785238083
xception,8,25,0.699512410820974,0.36720168039462836,0.2948084518435311,0.03750227858281452,0.47849995603387646,0.22101245478709594,0.9115984610925187,0.911927850536246
xception,8,26,0.671227713498247,0.36938042532219817,0.27355466228715986,0.028292625888888923,0.4617834774915955,0.20944423600664944,0.9081201085667607,0.9068289019473506
xception,8,27,0.6704702177183923,0.36678366287772957,0.2700215820005408,0.03366497284012193,0.4675672282622858,0.2029029894561041,0.9099976283960052,0.9079158871116498
xception,8,28,0.7212063626422667,0.3851861194433593,0.29405332238854404,0.04196692081036335,0.49695260685293957,0.22425375578932835,0.9030738622888613,0.9054784052280691
xception,8,29,0.6872848511621148,0.37051394590169956,0.2793808385173833,0.03739006674303191,0.47727100461811617,0.2100138465439955,0.910251258267675,0.9105773538169649
xception,9,0,0.7364239362066738,0.3790651925488065,0.3113918079669326,0.045966935690934685,0.5004747579248244,0.2359491782818485,0.9054520540725712,0.9052873593507076
xception,9,1,0.7041500567868995,0.371096221943096,0.287584671534478,0.04546916330932549,0.48465168598786385,0.219498370799037,0.9082057498221298,0.9058670847716673
xception,9,2,0.714705504963755,0.37769970559719346,0.2850319004118612,0.05197389895470028,0.4958193365382279,0.2188861684255275,0.9055376953279403,0.9032253814329758
xception,9,3,0.7323525341415025,0.37628397915175277,0.3166680538012252,0.03940050118852456,0.49554763900575827,0.23680489513573025,0.9086010171546022,0.9107420485388285
xception,9,4,0.7082412880861612,0.3795203114153961,0.2814210067965177,0.04729996987424734,0.49448550480028425,0.21375578328587622,0.9052610081952093,0.9033703127882158
xception,9,5,0.6944343205407607,0.36705155667029005,0.2914883427227479,0.03589442114772279,0.4733071274520927,0.2211271930886635,0.9106695828612085,0.9102677277398614
xception,9,6,0.7157022296028437,0.37647415776173526,0.3105386481976828,0.028689423643425638,0.48230903130590314,0.23339319829694802,0.9084560857993622,0.9115523465703972
xception,9,7,0.7418481433189913,0.39241093236393426,0.30261271351786295,0.04682449743719408,0.514024259140424,0.22782388417856086,0.9037919312761864,0.9065258636591216
xception,9,8,0.7876945811943808,0.4095942072878404,0.3202309613262469,0.057869412580293544,0.5424624352151491,0.24523214597922716,0.8987720361537854,0.9007615483938971
xception,9,9,0.7013961090042492,0.3733187288922582,0.2869913506179637,0.04108602949402729,0.4842126477142248,0.21718346129001945,0.9072241692798229,0.9073493372684392
xception,9,10,0.7496298144791059,0.3960564457361041,0.29925690200170146,0.05431646674130042,0.519707142054632,0.22992267242447967,0.8999380747845793,0.901064586682126
xception,9,11,0.685805643464957,0.3673074987806848,0.2874967668349358,0.03100137784933643,0.46681756911301675,0.21898807435193798,0.9090423990091965,0.9082979788663732
xception,9,12,0.7140825066276829,0.3715930106459281,0.29819507413315144,0.04429442184860333,0.48973248705251937,0.22435001957515469,0.9100503307070016,0.9093783762417983
xception,9,13,0.7351495173516125,0.3807744065481076,0.30943412484616906,0.044940985957335755,0.5004181595171083,0.2347313578345062,0.9077446046009118,0.9093124983530528
xception,9,14,0.7160732904922968,0.3775305476422839,0.294415361422269,0.04412738142774397,0.49013120330205806,0.2259420871902408,0.9051490157843423,0.9031463279664813
xception,9,15,0.7042003880329205,0.3637550537420195,0.30665060971487873,0.033794724576022284,0.4737795031638651,0.23042088486905798,0.9117302168700098,0.9113481251152864
xception,9,16,0.7101808822636674,0.3759249724128245,0.300273783424966,0.033982126425876835,0.4856233063319556,0.22455757593170522,0.9070331234024612,0.9088381775540857
xception,9,17,0.7293155946286521,0.3756783074740169,0.3209468045251955,0.03269048262943974,0.4880265407217368,0.2412890539069216,0.9074745052570554,0.909655063374529
xception,9,18,0.6937609909586677,0.37187054353790644,0.28490246800383895,0.036987979416922334,0.4783382075236027,0.21542278343506724,0.9101425597512451,0.9108079264275739
xception,9,19,0.7338668727845774,0.37261041589229416,0.32669826510381744,0.034558191788465864,0.48869491923083586,0.24517195355373636,0.9092927349864292,0.9102282010066141
xception,9,20,0.7364669716341334,0.38801400065854347,0.3000149552018371,0.04843801577375295,0.5071936781539542,0.2292732934801847,0.9030409233444886,0.9038248702205591
xception,9,21,0.7007519843038214,0.36975103416078203,0.2966644454720779,0.0343365046709615,0.47663432680597595,0.2241176574978451,0.9096418877967799,0.9104719491949722
xception,9,22,0.6837323192493723,0.3644122261901334,0.29689109736166425,0.022428995697574616,0.46194710197530225,0.22178521727406297,0.9116050488813934,0.9137921947877414
xception,9,23,0.6957517748232817,0.37354078411201397,0.28547986626671407,0.03673112444455362,0.47716583089895526,0.21858594392432368,0.9063282299928852,0.9053334738728293
xception,9,24,0.6781705254193753,0.3597022140524674,0.2881501470399316,0.030318164326976316,0.45899625628040946,0.2191742691389652,0.9138053703654905,0.9130543624337928
xception,9,25,0.706470613168724,0.3755440478124999,0.29826570595143814,0.032660859404785914,0.4837340700166571,0.22273654315207453,0.9071912303354501,0.908864528709584
xception,9,26,0.6950784452411887,0.37359624748305753,0.2807565566741215,0.040725641084009556,0.48193817388365984,0.21314027135753036,0.90762602440117,0.9067103217476087
xception,9,27,0.724184734169622,0.3787557759221838,0.3042878215878816,0.041141136659556654,0.49610818310482135,0.22807655106480865,0.9064929247147486,0.9066707950143615
xception,9,28,0.749006816143034,0.38972339565348557,0.3139392917187941,0.04534412877075433,0.5125880245826565,0.23641879156037188,0.9050897256844712,0.9079224749005245
xception,9,29,0.7293981349796228,0.3724667310875246,0.31258227169868164,0.04434913219341663,0.4928127842441315,0.2365853507354868,0.9099449260850088,0.9098131703075178
xception,10,0,0.7137411131815745,0.37184642736519713,0.3002043405100407,0.04169034530633664,0.4857900043109068,0.22795110887067263,0.9087657118764658,0.9086800706210967
xception,10,1,0.6984234146325704,0.3678819538144148,0.2999246157851927,0.030616845032962914,0.47360772374033216,0.2248156908922323,0.9105378270837176,0.9115984610925187
xception,10,2,0.7366269434856505,0.3737968685294616,0.32856859150326695,0.034261483452922015,0.48967350791855796,0.246953435567095,0.9082189253998788,0.9104126590951014
xception,10,3,0.7133332146101499,0.3732767994475897,0.30968271874968045,0.03037369641287979,0.48035180062834415,0.23298141398181166,0.9070594745579594,0.9083902079106169
xception,10,4,0.720138620601794,0.374963457250668,0.2934227510067652,0.05175241234436079,0.4951908713508926,0.2249477492509009,0.9067498484808559,0.9046549316187515
xception,10,5,0.7149268220358435,0.3776337745576686,0.29378178797450044,0.043511259503674404,0.4899328137631877,0.224994008272659,0.9051160768399693,0.9038116946428101
xception,10,6,0.7451729917453904,0.38772018772339384,0.3151804068759427,0.04227239714605391,0.5060319765113471,0.23914101523403425,0.90410155735329,0.9069145432027196
xception,10,7,0.7002894064265967,0.37031724484794654,0.29092094430203347,0.039051217276616645,0.4783369221901427,0.2219524842364563,0.9080608184668898,0.9061503596932725
xception,10,8,0.6905220948814278,0.36275660667047444,0.3057230018323341,0.022042486378619275,0.45990574522288075,0.23061634965854436,0.9118751482252496,0.9133442251442726
xception,10,9,0.7143661235333785,0.3706307961713432,0.3062627560384209,0.03747257132361437,0.4841136388709991,0.23025248466238388,0.9097604679965217,0.9097077656855252
xception,10,10,0.729275923510958,0.3763975992645185,0.31493603952897503,0.037942284717464525,0.4914595979999446,0.2378163255110084,0.9060910695934017,0.9065456270257451
xception,10,11,0.703080263475368,0.3707628427760363,0.29383207276301476,0.03848534793631686,0.47868570071010724,0.224394562765261,0.9078895359561516,0.9066115049144905
xception,10,12,0.6871828526959787,0.36170805330232675,0.30318530257458925,0.02228949681906267,0.45886683523730404,0.22831601745867827,0.9121650109357294,0.9128567287675564
xception,10,13,0.7333264331849152,0.38028966785739754,0.3159249042869211,0.037111861040596494,0.4946151538994914,0.2387112792854232,0.9070792379245829,0.9093388495085509
xception,10,14,0.6966827560551485,0.36802620241261214,0.30015595704383197,0.02850059659870441,0.4696394026055558,0.22704335344959417,0.9096814145300272,0.9103928957284777
xception,10,15,0.757091408013067,0.38621364561895755,0.3279426966522196,0.042935065741889766,0.510112506819263,0.24697890119379856,0.904055442831168,0.905913199293789
xception,10,16,0.730941046098896,0.3722876124362439,0.322951907679573,0.035701525983079074,0.4881920263524691,0.24274901974642213,0.9091543914200639,0.9101754986956176
xception,10,17,0.6820453404459017,0.3608863873728707,0.29798499532927586,0.02317395774375508,0.45659200004923023,0.22545334039667395,0.9128699043453055,0.9129357822340509
xception,10,18,0.7213696275774819,0.3745231720459022,0.30172759296088975,0.04511886257068998,0.4907615009022328,0.2306081266752549,0.9064468101926269,0.9045231758412606
xception,10,19,0.7492304102010097,0.3773538982073197,0.3322832721240328,0.03959323986965724,0.4989565359829506,0.2502738742180689,0.907322986112941,0.9085087881103586
xception,10,20,0.6991036975723277,0.36524512730444963,0.29694997796057954,0.03690859230729848,0.4734873063696337,0.22561639120269775,0.9117038657145116,0.9110121478826847
xception,10,21,0.7332877013002015,0.37275976208176653,0.32647827984141664,0.034049659377018315,0.4884216518321853,0.2448660494680167,0.9088711164984584,0.9103072544731086
xception,10,22,0.7281501890501244,0.3722180150099847,0.32053947547395745,0.03539269856618221,0.4867131173566163,0.24143707169351464,0.90913462805344,0.9100964452291235
xception,10,23,0.722227121345436,0.3796015130736507,0.3018565353596519,0.040769072912133386,0.4953136485926491,0.226913472752788,0.9058934359271654,0.9068881920472214
xception,10,24,0.7516157972870288,0.3856840393983442,0.32430961810900505,0.041622139779679435,0.5059226841613854,0.2456931131256381,0.9050897256844712,0.9074876808348047
xception,10,25,0.6990294112564541,0.36838316625071466,0.30434668486525635,0.02629956014048318,0.46886860968103505,0.23016080157541963,0.9096023610635326,0.9102743155287359
xception,10,26,0.75157049916561,0.3919653878880856,0.3057425368820248,0.053862574395499685,0.5173145893122787,0.23425590985333522,0.9018419457693219,0.9025666025455216
xception,10,27,0.7042412098224047,0.3656225286682904,0.30428115487999685,0.03433752627411746,0.4744280378136102,0.22981317200879942,0.9112624838599174,0.9111241402935519
xception,10,28,0.7081957023600729,0.3724583468030991,0.30430751712250226,0.03142983843447156,0.47825206749751115,0.2299436348625674,0.907784131334159,0.9084692613771114
xception,10,29,0.7479994032253218,0.37707340813500023,0.3223860187360594,0.048539976354262104,0.5039615606930229,0.2440378425322921,0.9080674062557642,0.9089172310205802
xception,11,0,0.7134790764783226,0.3719867329510351,0.3033119504720651,0.03818039305522236,0.4849548171702472,0.22852425930806897,0.9091148646868163,0.9099449260850088
xception,11,1,0.7451738825398052,0.3765843459672001,0.32777248209655085,0.040817054476054326,0.4978916691768401,0.24728221336296866,0.9075008564125537,0.9089238188094548
xception,11,2,0.7198870784469791,0.36901930402530153,0.31633317784324116,0.03453459657843638,0.48055007288484797,0.23933700556212642,0.9094442541305436,0.9095364831747872
xception,11,3,0.7198458983365981,0.374755691708911,0.30058028649360863,0.044509920134078396,0.4902267116511729,0.22961918668542552,0.9062821154707633,0.905122664628844
xception,11,4,0.7084293814330161,0.3672480233725984,0.31274590113418305,0.028435456926234726,0.47226466219567775,0.23616471923734153,0.9100371551292525,0.9114798808927771
xception,11,5,0.714029982500035,0.3721874383420372,0.3074815225434978,0.03436102161449994,0.48103548326370593,0.23299449923632654,0.9080410551002662,0.9091478036311893
xception,11,6,0.7032603838086937,0.36587771923608275,0.30765440275401645,0.02972826181859456,0.470569908772674,0.2326904750360123,0.9105971171835885,0.911209781548921
xception,11,7,0.7007232410370834,0.36567090329654434,0.30520539416843506,0.029846943572104045,0.4697423001756505,0.23098094086143248,0.9109857967271865,0.9111241402935518
xception,11,8,0.7473424162543683,0.3845911883401557,0.3206659408937182,0.04208528702049441,0.5041773626999715,0.2431650535543981,0.9052939471395822,0.9080410551002661
xception,11,9,0.7187679811963537,0.36967579292567415,0.30764448870640576,0.04144769956427374,0.48512148467375865,0.23364649652259578,0.9096155366412817,0.9098131703075181
xception,11,10,0.7053937067189714,0.36629498947046474,0.31075645928949186,0.028342257959014794,0.4710445906508353,0.2343491160681345,0.9103138422619832,0.9111702548156737
xception,11,11,0.7270334400943038,0.3769976126225568,0.3126544638805389,0.03738136359120803,0.4905941813790166,0.23643925871528088,0.9060449550712799,0.9067696118474795
xception,12,0,0.7186138724037107,0.3699138818832416,0.31352414360613234,0.03517584691433673,0.4811544338965434,0.23745943850717605,0.9089238188094548,0.9096484755856544
